SITE,TYPE,FIELDNUM,FIELDID,PLOT,PLOTID,PLANTCODE,PCTCVR,PRESENCE
FG,C,1,FGC1,1,FGC1-1,BARESOIL,1,1
FG,C,1,FGC1,1,FGC1-1,LITTER,1,1
FG,C,1,FGC1,1,FGC1-1,ZEAMAY,98,1
FG,C,1,FGC1,2,FGC1-2,BIDVUL,1,1
FG,C,1,FGC1,2,FGC1-2,LITTER,1,1
FG,C,1,FGC1,2,FGC1-2,ZEAMAY,98,1
FG,C,1,FGC1,3,FGC1-3,BARESOIL,1,1
FG,C,1,FGC1,3,FGC1-3,LITTER,1,1
FG,C,1,FGC1,3,FGC1-3,ZEAMAY,98,1
FG,C,1,FGC1,4,FGC1-4,ZEAMAY,100,1
FG,C,1,FGC1,5,FGC1-5,ZEAMAY,100,1
FG,C,1,FGC1,6,FGC1-6,BARESOIL,1,1
FG,C,1,FGC1,6,FGC1-6,LITTER,1,1
FG,C,1,FGC1,6,FGC1-6,ZEAMAY,98,1
FG,C,1,FGC1,7,FGC1-7,ZEAMAY,100,1
FG,C,1,FGC1,8,FGC1-8,ZEAMAY,100,1
FG,C,1,FGC1,9,FGC1-9,ZEAMAY,100,1
FG,C,1,FGC1,10,FGC1-10,POAPRA,1,1
FG,C,1,FGC1,10,FGC1-10,TAROFF,1,1
FG,C,1,FGC1,10,FGC1-10,ZEAMAY,98,1
LP,C,1,LPC1,1,LPC1-1,BARESOIL,43,1
LP,C,1,LPC1,1,LPC1-1,LITTER,2,1
LP,C,1,LPC1,1,LPC1-1,ZEAMAY,55,1
LP,C,1,LPC1,2,LPC1-2,BARESOIL,24,1
LP,C,1,LPC1,2,LPC1-2,ZEAMAY,76,1
LP,C,1,LPC1,3,LPC1-3,BARESOIL,27,1
LP,C,1,LPC1,3,LPC1-3,ZEAMAY,73,1
LP,C,1,LPC1,4,LPC1-4,BARESOIL,39,1
LP,C,1,LPC1,4,LPC1-4,ZEAMAY,61,1
LP,C,1,LPC1,5,LPC1-5,BARESOIL,12,1
LP,C,1,LPC1,5,LPC1-5,ZEAMAY,88,1
LP,C,1,LPC1,6,LPC1-6,BARESOIL,24,1
LP,C,1,LPC1,6,LPC1-6,ZEAMAY,76,1
LP,C,1,LPC1,7,LPC1-7,BARESOIL,31,1
LP,C,1,LPC1,7,LPC1-7,ZEAMAY,69,1
LP,C,1,LPC1,8,LPC1-8,BARESOIL,16,1
LP,C,1,LPC1,8,LPC1-8,ZEAMAY,84,1
LP,C,1,LPC1,9,LPC1-9,BARESOIL,26,1
LP,C,1,LPC1,9,LPC1-9,ZEAMAY,74,1
LP,C,1,LPC1,10,LPC1-10,BARESOIL,36,1
LP,C,1,LPC1,10,LPC1-10,ZEAMAY,64,1
PH,C,1,PHC1,1,PHC1-1,BARESOIL,16,1
PH,C,1,PHC1,1,PHC1-1,ZEAMAY,84,1
PH,C,1,PHC1,2,PHC1-2,BARESOIL,15,1
PH,C,1,PHC1,2,PHC1-2,ZEAMAY,85,1
PH,C,1,PHC1,3,PHC1-3,BARESOIL,13,1
PH,C,1,PHC1,3,PHC1-3,ZEAMAY,87,1
PH,C,1,PHC1,4,PHC1-4,BARESOIL,24,1
PH,C,1,PHC1,4,PHC1-4,ZEAMAY,76,1
PH,C,1,PHC1,5,PHC1-5,BARESOIL,26,1
PH,C,1,PHC1,5,PHC1-5,ZEAMAY,74,1
PH,C,1,PHC1,6,PHC1-6,BARESOIL,27,1
PH,C,1,PHC1,6,PHC1-6,ZEAMAY,73,1
PH,C,1,PHC1,7,PHC1-7,BARESOIL,17,1
PH,C,1,PHC1,7,PHC1-7,ZEAMAY,83,1
PH,C,1,PHC1,8,PHC1-8,BARESOIL,13,1
PH,C,1,PHC1,8,PHC1-8,ZEAMAY,87,1
PH,C,1,PHC1,9,PHC1-9,BARESOIL,19,1
PH,C,1,PHC1,9,PHC1-9,ZEAMAY,81,1
PH,C,1,PHC1,10,PHC1-10,BARESOIL,6,1
PH,C,1,PHC1,10,PHC1-10,ZEAMAY,94,1
LP,OF,1,LPOF1,1,LPOF1-1,ACENEG,8,1
LP,OF,1,LPOF1,1,LPOF1-1,ANDGER,2,1
LP,OF,1,LPOF1,1,LPOF1-1,APOCAN,1,1
LP,OF,1,LPOF1,1,LPOF1-1,ASCSYR,6,1
LP,OF,1,LPOF1,1,LPOF1-1,DAUCAR,2,1
LP,OF,1,LPOF1,1,LPOF1-1,ECHPUR,13,1
LP,OF,1,LPOF1,1,LPOF1-1,ELYREP,3,1
LP,OF,1,LPOF1,1,LPOF1-1,FESTUCA,7,1
LP,OF,1,LPOF1,1,LPOF1-1,HELGIG,6,1
LP,OF,1,LPOF1,1,LPOF1-1,HELHEL,15,1
LP,OF,1,LPOF1,1,LPOF1-1,PANCAP,9,1
LP,OF,1,LPOF1,1,LPOF1-1,PENDIG,5,1
LP,OF,1,LPOF1,1,LPOF1-1,PHAARU,3,1
LP,OF,1,LPOF1,1,LPOF1-1,RATPIN,6,1
LP,OF,1,LPOF1,1,LPOF1-1,SOLCAN,10,1
LP,OF,1,LPOF1,1,LPOF1-1,SYMPIL,4,1
LP,OF,1,LPOF1,2,LPOF1-2,APOCAN,27,1
LP,OF,1,LPOF1,2,LPOF1-2,HELAUT,24,1
LP,OF,1,LPOF1,2,LPOF1-2,PASSAT,8,1
LP,OF,1,LPOF1,2,LPOF1-2,PHAARU,24,1
LP,OF,1,LPOF1,2,LPOF1-2,SOLGIG,3,1
LP,OF,1,LPOF1,2,LPOF1-2,SYMPIL,14,1
LP,OF,1,LPOF1,3,LPOF1-3,ANDGER,6,1
LP,OF,1,LPOF1,3,LPOF1-3,FESTUCA,6,1
LP,OF,1,LPOF1,3,LPOF1-3,LITTER,10,1
LP,OF,1,LPOF1,3,LPOF1-3,PHAARU,28,1
LP,OF,1,LPOF1,3,LPOF1-3,SILPER,7,1
LP,OF,1,LPOF1,3,LPOF1-3,SOLCAN,36,1
LP,OF,1,LPOF1,3,LPOF1-3,SPAPEC,4,1
LP,OF,1,LPOF1,3,LPOF1-3,SYMPIL,3,1
LP,OF,1,LPOF1,4,LPOF1-4,ANDGER,23,1
LP,OF,1,LPOF1,4,LPOF1-4,CIRARV,4,1
LP,OF,1,LPOF1,4,LPOF1-4,FESTUCA,32,1
LP,OF,1,LPOF1,4,LPOF1-4,LITTER,9,1
LP,OF,1,LPOF1,4,LPOF1-4,SOLCAN,28,1
LP,OF,1,LPOF1,4,LPOF1-4,TAROFF,4,1
LP,OF,1,LPOF1,5,LPOF1-5,ANDGER,9,1
LP,OF,1,LPOF1,5,LPOF1-5,ASCSYR,1,1
LP,OF,1,LPOF1,5,LPOF1-5,BROINE,11,1
LP,OF,1,LPOF1,5,LPOF1-5,CAREX3,4,1
LP,OF,1,LPOF1,5,LPOF1-5,DAUCAR,2,1
LP,OF,1,LPOF1,5,LPOF1-5,ECHPUR,5,1
LP,OF,1,LPOF1,5,LPOF1-5,FESTUCA,38,1
LP,OF,1,LPOF1,5,LPOF1-5,LITTER,6,1
LP,OF,1,LPOF1,5,LPOF1-5,MONFIS,3,1
LP,OF,1,LPOF1,5,LPOF1-5,PYCVIR,2,1
LP,OF,1,LPOF1,5,LPOF1-5,RATPIN,8,1
LP,OF,1,LPOF1,5,LPOF1-5,SOLCAN,10,1
LP,OF,1,LPOF1,5,LPOF1-5,SYMPIL,1,1
LP,OF,1,LPOF1,6,LPOF1-6,ACHMIL,6,1
LP,OF,1,LPOF1,6,LPOF1-6,ARTLUD,33,1
LP,OF,1,LPOF1,6,LPOF1-6,ECHPUR,13,1
LP,OF,1,LPOF1,6,LPOF1-6,ELYVIR,4,1
LP,OF,1,LPOF1,6,LPOF1-6,LITTER,4,1
LP,OF,1,LPOF1,6,LPOF1-6,MONFIS,2,1
LP,OF,1,LPOF1,6,LPOF1-6,PANCAP,3,1
LP,OF,1,LPOF1,6,LPOF1-6,POAPRA,9,1
LP,OF,1,LPOF1,6,LPOF1-6,PYCVIR,6,1
LP,OF,1,LPOF1,6,LPOF1-6,SOLCAN,5,1
LP,OF,1,LPOF1,6,LPOF1-6,SOLNEM,3,1
LP,OF,1,LPOF1,6,LPOF1-6,SORNUT,5,1
LP,OF,1,LPOF1,6,LPOF1-6,SYMLAE,5,1
LP,OF,1,LPOF1,6,LPOF1-6,VERSTR,2,1
LP,OF,1,LPOF1,7,LPOF1-7,ACHMIL,7,1
LP,OF,1,LPOF1,7,LPOF1-7,ARTLUD,25,1
LP,OF,1,LPOF1,7,LPOF1-7,ECHPUR,12,1
LP,OF,1,LPOF1,7,LPOF1-7,ELYVIR,14,1
LP,OF,1,LPOF1,7,LPOF1-7,HELGIG,10,1
LP,OF,1,LPOF1,7,LPOF1-7,LITTER,2,1
LP,OF,1,LPOF1,7,LPOF1-7,MONFIS,3,1
LP,OF,1,LPOF1,7,LPOF1-7,PANCAP,3,1
LP,OF,1,LPOF1,7,LPOF1-7,PYCVIR,3,1
LP,OF,1,LPOF1,7,LPOF1-7,RATPIN,4,1
LP,OF,1,LPOF1,7,LPOF1-7,SYMNOV,10,1
LP,OF,1,LPOF1,7,LPOF1-7,SYMPIL,5,1
LP,OF,1,LPOF1,7,LPOF1-7,VERHAS,2,1
LP,OF,1,LPOF1,8,LPOF1-8,ANDGER,12,1
LP,OF,1,LPOF1,8,LPOF1-8,ARTLUD,12,1
LP,OF,1,LPOF1,8,LPOF1-8,DESILL,5,1
LP,OF,1,LPOF1,8,LPOF1-8,ECHPUR,14,1
LP,OF,1,LPOF1,8,LPOF1-8,HELGIG,8,1
LP,OF,1,LPOF1,8,LPOF1-8,HELHEL,2,1
LP,OF,1,LPOF1,8,LPOF1-8,LITTER,6,1
LP,OF,1,LPOF1,8,LPOF1-8,PYCVIR,3,1
LP,OF,1,LPOF1,8,LPOF1-8,SILINT,8,1
LP,OF,1,LPOF1,8,LPOF1-8,SOLCAN,4,1
LP,OF,1,LPOF1,8,LPOF1-8,SORNUT,6,1
LP,OF,1,LPOF1,8,LPOF1-8,SYMLAE,12,1
LP,OF,1,LPOF1,8,LPOF1-8,SYMNOV,8,1
LP,OF,1,LPOF1,9,LPOF1-9,ACHMIL,2,1
LP,OF,1,LPOF1,9,LPOF1-9,ARTLUD,19,1
LP,OF,1,LPOF1,9,LPOF1-9,BOUCUR,8,1
LP,OF,1,LPOF1,9,LPOF1-9,DAUCAR,4,1
LP,OF,1,LPOF1,9,LPOF1-9,ELYVIR,3,1
LP,OF,1,LPOF1,9,LPOF1-9,LITTER,7,1
LP,OF,1,LPOF1,9,LPOF1-9,PANCAP,4,1
LP,OF,1,LPOF1,9,LPOF1-9,PYCVIR,5,1
LP,OF,1,LPOF1,9,LPOF1-9,RATPIN,8,1
LP,OF,1,LPOF1,9,LPOF1-9,SILLAC,3,1
LP,OF,1,LPOF1,9,LPOF1-9,SOLCAN,17,1
LP,OF,1,LPOF1,9,LPOF1-9,SORNUT,7,1
LP,OF,1,LPOF1,9,LPOF1-9,SYMLAE,8,1
LP,OF,1,LPOF1,9,LPOF1-9,SYMPUN,3,1
LP,OF,1,LPOF1,9,LPOF1-9,TAROFF,2,1
LP,OF,1,LPOF1,10,LPOF1-10,ARTLUD,28,1
LP,OF,1,LPOF1,10,LPOF1-10,CIRARV,2,1
LP,OF,1,LPOF1,10,LPOF1-10,DAUCAR,3,1
LP,OF,1,LPOF1,10,LPOF1-10,ECHPUR,15,1
LP,OF,1,LPOF1,10,LPOF1-10,FESTUCA,11,1
LP,OF,1,LPOF1,10,LPOF1-10,LITTER,8,1
LP,OF,1,LPOF1,10,LPOF1-10,PHAARU,15,1
LP,OF,1,LPOF1,10,LPOF1-10,RATPIN,6,1
LP,OF,1,LPOF1,10,LPOF1-10,SOLCAN,7,1
LP,OF,1,LPOF1,10,LPOF1-10,SYMLAE,3,1
LP,OF,1,LPOF1,10,LPOF1-10,SYMPIL,1,1
LP,OF,1,LPOF1,10,LPOF1-10,VERSTR,1,1
FG,REM,1,FGREM1,1,FGREM1-1,ANECAN,29,1
FG,REM,1,FGREM1,1,FGREM1-1,BARESOIL,1,1
FG,REM,1,FGREM1,1,FGREM1-1,CAREX1,20,1
FG,REM,1,FGREM1,1,FGREM1-1,CAREX2,1,1
FG,REM,1,FGREM1,1,FGREM1-1,EQUARV,1,1
FG,REM,1,FGREM1,1,FGREM1-1,GALPAL,2,1
FG,REM,1,FGREM1,1,FGREM1-1,HELAUT,6,1
FG,REM,1,FGREM1,1,FGREM1-1,LITTER,1,1
FG,REM,1,FGREM1,1,FGREM1-1,ROSA,9,1
FG,REM,1,FGREM1,1,FGREM1-1,SPIALB,30,1
FG,REM,1,FGREM1,2,FGREM1-2,AMBTRI,24,1
FG,REM,1,FGREM1,2,FGREM1-2,ANECAN,8,1
FG,REM,1,FGREM1,2,FGREM1-2,BARESOIL,1,1
FG,REM,1,FGREM1,2,FGREM1-2,CAREX1,5,1
FG,REM,1,FGREM1,2,FGREM1-2,CIRMUT,1,1
FG,REM,1,FGREM1,2,FGREM1-2,CORFOE,7,1
FG,REM,1,FGREM1,2,FGREM1-2,HELAUT,9,1
FG,REM,1,FGREM1,2,FGREM1-2,LITTER,1,1
FG,REM,1,FGREM1,2,FGREM1-2,ROSA,15,1
FG,REM,1,FGREM1,2,FGREM1-2,SOLGIG,18,1
FG,REM,1,FGREM1,2,FGREM1-2,SPIALB,10,1
FG,REM,1,FGREM1,2,FGREM1-2,VIOSOR,1,1
FG,REM,1,FGREM1,3,FGREM1-3,ANECAN,15,1
FG,REM,1,FGREM1,3,FGREM1-3,BARESOIL,1,1
FG,REM,1,FGREM1,3,FGREM1-3,CAREX1,26,1
FG,REM,1,FGREM1,3,FGREM1-3,COMUMB,2,1
FG,REM,1,FGREM1,3,FGREM1-3,EUTGRA,4,1
FG,REM,1,FGREM1,3,FGREM1-3,GALPAL,1,1
FG,REM,1,FGREM1,3,FGREM1-3,LITTER,1,1
FG,REM,1,FGREM1,3,FGREM1-3,MUHFRO,2,1
FG,REM,1,FGREM1,3,FGREM1-3,POAPRA,1,1
FG,REM,1,FGREM1,3,FGREM1-3,PYCVIR,6,1
FG,REM,1,FGREM1,3,FGREM1-3,RATPIN,5,1
FG,REM,1,FGREM1,3,FGREM1-3,ROSA,7,1
FG,REM,1,FGREM1,3,FGREM1-3,SOLCAN,9,1
FG,REM,1,FGREM1,3,FGREM1-3,VIOSAG,3,1
FG,REM,1,FGREM1,3,FGREM1-3,ZIZAUR,17,1
FG,REM,1,FGREM1,4,FGREM1-4,ANDGER,13,1
FG,REM,1,FGREM1,4,FGREM1-4,ANECAN,2,1
FG,REM,1,FGREM1,4,FGREM1-4,BARESOIL,6,1
FG,REM,1,FGREM1,4,FGREM1-4,CAREX1,7,1
FG,REM,1,FGREM1,4,FGREM1-4,COMUMB,24,1
FG,REM,1,FGREM1,4,FGREM1-4,DESCAN,2,1
FG,REM,1,FGREM1,4,FGREM1-4,GALPAL,3,1
FG,REM,1,FGREM1,4,FGREM1-4,HELAUT,8,1
FG,REM,1,FGREM1,4,FGREM1-4,LITTER,2,1
FG,REM,1,FGREM1,4,FGREM1-4,PYCVIR,5,1
FG,REM,1,FGREM1,4,FGREM1-4,ROSA,8,1
FG,REM,1,FGREM1,4,FGREM1-4,RUDHIR,2,1
FG,REM,1,FGREM1,4,FGREM1-4,SILTER,10,1
FG,REM,1,FGREM1,4,FGREM1-4,SOLRID,1,1
FG,REM,1,FGREM1,4,FGREM1-4,SYMNOV,3,1
FG,REM,1,FGREM1,4,FGREM1-4,THADAS,2,1
FG,REM,1,FGREM1,4,FGREM1-4,VIOSOR,2,1
FG,REM,1,FGREM1,5,FGREM1-5,ANDGER,8,1
FG,REM,1,FGREM1,5,FGREM1-5,ANECAN,4,1
FG,REM,1,FGREM1,5,FGREM1-5,BARESOIL,9,1
FG,REM,1,FGREM1,5,FGREM1-5,CAREX2,19,1
FG,REM,1,FGREM1,5,FGREM1-5,COMUMB,9,1
FG,REM,1,FGREM1,5,FGREM1-5,GALPAL,2,1
FG,REM,1,FGREM1,5,FGREM1-5,HELAUT,3,1
FG,REM,1,FGREM1,5,FGREM1-5,LITTER,2,1
FG,REM,1,FGREM1,5,FGREM1-5,LOBSPI,1,1
FG,REM,1,FGREM1,5,FGREM1-5,MEDLUP,1,1
FG,REM,1,FGREM1,5,FGREM1-5,PYCVIR,4,1
FG,REM,1,FGREM1,5,FGREM1-5,RUDHIR,2,1
FG,REM,1,FGREM1,5,FGREM1-5,SILLAC,11,1
FG,REM,1,FGREM1,5,FGREM1-5,SOLCAN,8,1
FG,REM,1,FGREM1,5,FGREM1-5,SOLGIG,6,1
FG,REM,1,FGREM1,5,FGREM1-5,SOLRID,1,1
FG,REM,1,FGREM1,5,FGREM1-5,SPAPEC,4,1
FG,REM,1,FGREM1,5,FGREM1-5,THADAS,2,1
FG,REM,1,FGREM1,5,FGREM1-5,VIOSAG,4,1
FG,REM,1,FGREM1,6,FGREM1-6,ANDGER,18,1
FG,REM,1,FGREM1,6,FGREM1-6,ANECAN,20,1
FG,REM,1,FGREM1,6,FGREM1-6,APOCAN,2,1
FG,REM,1,FGREM1,6,FGREM1-6,CAREX1,7,1
FG,REM,1,FGREM1,6,FGREM1-6,CORFOE,6,1
FG,REM,1,FGREM1,6,FGREM1-6,GALBOR,4,1
FG,REM,1,FGREM1,6,FGREM1-6,HELGIG,4,1
FG,REM,1,FGREM1,6,FGREM1-6,LATPAL,2,1
FG,REM,1,FGREM1,6,FGREM1-6,ROSA,3,1
FG,REM,1,FGREM1,6,FGREM1-6,SPAPEC,5,1
FG,REM,1,FGREM1,6,FGREM1-6,SPIALB,18,1
FG,REM,1,FGREM1,6,FGREM1-6,THADAS,11,1
FG,REM,1,FGREM1,7,FGREM1-7,ANECAN,43,1
FG,REM,1,FGREM1,7,FGREM1-7,BARESOIL,4,1
FG,REM,1,FGREM1,7,FGREM1-7,CAREX2,10,1
FG,REM,1,FGREM1,7,FGREM1-7,COMUMB,17,1
FG,REM,1,FGREM1,7,FGREM1-7,GEUCAN,4,1
FG,REM,1,FGREM1,7,FGREM1-7,HELGIG,11,1
FG,REM,1,FGREM1,7,FGREM1-7,HEURIC,2,1
FG,REM,1,FGREM1,7,FGREM1-7,LACLUD,2,1
FG,REM,1,FGREM1,7,FGREM1-7,LITTER,1,1
FG,REM,1,FGREM1,7,FGREM1-7,RATPIN,4,1
FG,REM,1,FGREM1,7,FGREM1-7,RUDHIR,1,1
FG,REM,1,FGREM1,7,FGREM1-7,SYMLAT,1,1
FG,REM,1,FGREM1,8,FGREM1-8,BARESOIL,11,1
FG,REM,1,FGREM1,8,FGREM1-8,CAREX2,6,1
FG,REM,1,FGREM1,8,FGREM1-8,COMUMB,3,1
FG,REM,1,FGREM1,8,FGREM1-8,LITTER,2,1
FG,REM,1,FGREM1,8,FGREM1-8,MUHFRO,1,1
FG,REM,1,FGREM1,8,FGREM1-8,PHLPIL,10,1
FG,REM,1,FGREM1,8,FGREM1-8,RATPIN,9,1
FG,REM,1,FGREM1,8,FGREM1-8,RUDHIR,1,1
FG,REM,1,FGREM1,8,FGREM1-8,SALIX,4,1
FG,REM,1,FGREM1,8,FGREM1-8,SILTER,13,1
FG,REM,1,FGREM1,8,FGREM1-8,SOLCAN,1,1
FG,REM,1,FGREM1,8,FGREM1-8,SOLGIG,1,1
FG,REM,1,FGREM1,8,FGREM1-8,SORNUT,30,1
FG,REM,1,FGREM1,8,FGREM1-8,SYMBOR,1,1
FG,REM,1,FGREM1,8,FGREM1-8,THADAS,5,1
FG,REM,1,FGREM1,8,FGREM1-8,VIOSAG,2,1
FG,REM,1,FGREM1,9,FGREM1-9,BARESOIL,17,1
FG,REM,1,FGREM1,9,FGREM1-9,CAREX2,1,1
FG,REM,1,FGREM1,9,FGREM1-9,COMUMB,3,1
FG,REM,1,FGREM1,9,FGREM1-9,HELGIG,1,1
FG,REM,1,FGREM1,9,FGREM1-9,LITTER,9,1
FG,REM,1,FGREM1,9,FGREM1-9,PHLPIL,2,1
FG,REM,1,FGREM1,9,FGREM1-9,RATPIN,37,1
FG,REM,1,FGREM1,9,FGREM1-9,ROSA,2,1
FG,REM,1,FGREM1,9,FGREM1-9,RUDHIR,3,1
FG,REM,1,FGREM1,9,FGREM1-9,SILTER,16,1
FG,REM,1,FGREM1,9,FGREM1-9,SYMBOR,1,1
FG,REM,1,FGREM1,9,FGREM1-9,THADAS,1,1
FG,REM,1,FGREM1,9,FGREM1-9,VIOSOR,3,1
FG,REM,1,FGREM1,9,FGREM1-9,ZIZAUR,4,1
FG,REM,1,FGREM1,10,FGREM1-10,BARESOIL,11,1
FG,REM,1,FGREM1,10,FGREM1-10,CAREX2,1,1
FG,REM,1,FGREM1,10,FGREM1-10,COMUMB,16,1
FG,REM,1,FGREM1,10,FGREM1-10,GALBOR,1,1
FG,REM,1,FGREM1,10,FGREM1-10,GENAND,2,1
FG,REM,1,FGREM1,10,FGREM1-10,HELGIG,6,1
FG,REM,1,FGREM1,10,FGREM1-10,LIASPI,2,1
FG,REM,1,FGREM1,10,FGREM1-10,LITTER,2,1
FG,REM,1,FGREM1,10,FGREM1-10,LOBSPI,1,1
FG,REM,1,FGREM1,10,FGREM1-10,PHLPIL,1,1
FG,REM,1,FGREM1,10,FGREM1-10,POPTRE,10,1
FG,REM,1,FGREM1,10,FGREM1-10,RATPIN,4,1
FG,REM,1,FGREM1,10,FGREM1-10,SILTER,10,1
FG,REM,1,FGREM1,10,FGREM1-10,SOLRID,4,1
FG,REM,1,FGREM1,10,FGREM1-10,SORNUT,6,1
FG,REM,1,FGREM1,10,FGREM1-10,SPAPEC,10,1
FG,REM,1,FGREM1,10,FGREM1-10,SYMNOV,2,1
FG,REM,1,FGREM1,10,FGREM1-10,THADAS,2,1
FG,REM,1,FGREM1,10,FGREM1-10,VIOSOR,1,1
FG,REM,1,FGREM1,10,FGREM1-10,ZIZAUR,8,1
FL,REM,1,FLREM1,NA,FLREM1-NA,ALLCAN,NA,1
FL,REM,1,FLREM1,NA,FLREM1-NA,ALLCER,NA,1
FL,REM,1,FLREM1,NA,FLREM1-NA,AMOCAN,NA,1
FL,REM,1,FLREM1,NA,FLREM1-NA,ANDGER,NA,1
FL,REM,1,FLREM1,NA,FLREM1-NA,ANECAN,NA,1
FL,REM,1,FLREM1,NA,FLREM1-NA,ANECYL,NA,1
FL,REM,1,FLREM1,NA,FLREM1-NA,APOSIB,NA,1
FL,REM,1,FLREM1,NA,FLREM1-NA,ASCINC,NA,1
FL,REM,1,FLREM1,NA,FLREM1-NA,ASCMEA,NA,1
FL,REM,1,FLREM1,NA,FLREM1-NA,ASCTUB,NA,1
FL,REM,1,FLREM1,NA,FLREM1-NA,ASCVER,NA,1
FL,REM,1,FLREM1,NA,FLREM1-NA,ASTERI,NA,1
FL,REM,1,FLREM1,NA,FLREM1-NA,ASTLAE,NA,1
FL,REM,1,FLREM1,NA,FLREM1-NA,ASTNOV,NA,1
FL,REM,1,FLREM1,NA,FLREM1-NA,ASTPRA,NA,1
FL,REM,1,FLREM1,NA,FLREM1-NA,ASTSAG,NA,1
FL,REM,1,FLREM1,NA,FLREM1-NA,BAPLAC,NA,1
FL,REM,1,FLREM1,NA,FLREM1-NA,CALCAN,NA,1
FL,REM,1,FLREM1,NA,FLREM1-NA,CALPAL,NA,1
FL,REM,1,FLREM1,NA,FLREM1-NA,CALSEP,NA,1
FL,REM,1,FLREM1,NA,FLREM1-NA,CARBIC,NA,1
FL,REM,1,FLREM1,NA,FLREM1-NA,CARBRE,NA,1
FL,REM,1,FLREM1,NA,FLREM1-NA,CARCRI,NA,1
FL,REM,1,FLREM1,NA,FLREM1-NA,CARFES,NA,1
FL,REM,1,FLREM1,NA,FLREM1-NA,CARSAR,NA,1
FL,REM,1,FLREM1,NA,FLREM1-NA,CARTEN,NA,1
FL,REM,1,FLREM1,NA,FLREM1-NA,CARTET,NA,1
FL,REM,1,FLREM1,NA,FLREM1-NA,CARVUL,NA,1
FL,REM,1,FLREM1,NA,FLREM1-NA,CEAAME,NA,1
FL,REM,1,FLREM1,NA,FLREM1-NA,CICMAC,NA,1
FL,REM,1,FLREM1,NA,FLREM1-NA,CIRDIS,NA,1
FL,REM,1,FLREM1,NA,FLREM1-NA,COMUMB,NA,1
FL,REM,1,FLREM1,NA,FLREM1-NA,CORPAL,NA,1
FL,REM,1,FLREM1,NA,FLREM1-NA,CORTRI,NA,1
FL,REM,1,FLREM1,NA,FLREM1-NA,CYPCAN,NA,1
FL,REM,1,FLREM1,NA,FLREM1-NA,DALPUR,NA,1
FL,REM,1,FLREM1,NA,FLREM1-NA,DESCAN,NA,1
FL,REM,1,FLREM1,NA,FLREM1-NA,DESILL,NA,1
FL,REM,1,FLREM1,NA,FLREM1-NA,DICACU,NA,1
FL,REM,1,FLREM1,NA,FLREM1-NA,DICLEI,NA,1
FL,REM,1,FLREM1,NA,FLREM1-NA,DODMEA,NA,1
FL,REM,1,FLREM1,NA,FLREM1-NA,ELECOM,NA,1
FL,REM,1,FLREM1,NA,FLREM1-NA,ELYCAN,NA,1
FL,REM,1,FLREM1,NA,FLREM1-NA,ELYVIR,NA,1
FL,REM,1,FLREM1,NA,FLREM1-NA,EPICOL,NA,1
FL,REM,1,FLREM1,NA,FLREM1-NA,EQUARV,NA,1
FL,REM,1,FLREM1,NA,FLREM1-NA,EQUHYE,NA,1
FL,REM,1,FLREM1,NA,FLREM1-NA,ERIPHI,NA,1
FL,REM,1,FLREM1,NA,FLREM1-NA,ERISTR,NA,1
FL,REM,1,FLREM1,NA,FLREM1-NA,ERYYUC,NA,1
FL,REM,1,FLREM1,NA,FLREM1-NA,EUPCOR,NA,1
FL,REM,1,FLREM1,NA,FLREM1-NA,EUPPER,NA,1
FL,REM,1,FLREM1,NA,FLREM1-NA,EUTGRA,NA,1
FL,REM,1,FLREM1,NA,FLREM1-NA,EUTGYM,NA,1
FL,REM,1,FLREM1,NA,FLREM1-NA,FRAVIR,NA,1
FL,REM,1,FLREM1,NA,FLREM1-NA,GALOBT,NA,1
FL,REM,1,FLREM1,NA,FLREM1-NA,GENAND,NA,1
FL,REM,1,FLREM1,NA,FLREM1-NA,GENCRI,NA,1
FL,REM,1,FLREM1,NA,FLREM1-NA,GENQUI,NA,1
FL,REM,1,FLREM1,NA,FLREM1-NA,GEULAC,NA,1
FL,REM,1,FLREM1,NA,FLREM1-NA,HELAUT,NA,1
FL,REM,1,FLREM1,NA,FLREM1-NA,HELGRO,NA,1
FL,REM,1,FLREM1,NA,FLREM1-NA,HELHEL,NA,1
FL,REM,1,FLREM1,NA,FLREM1-NA,HELOCC,NA,1
FL,REM,1,FLREM1,NA,FLREM1-NA,HELPAU,NA,1
FL,REM,1,FLREM1,NA,FLREM1-NA,HESSPA,NA,1
FL,REM,1,FLREM1,NA,FLREM1-NA,HEURIC,NA,1
FL,REM,1,FLREM1,NA,FLREM1-NA,HYPHIR,NA,1
FL,REM,1,FLREM1,NA,FLREM1-NA,HYPSPH,NA,1
FL,REM,1,FLREM1,NA,FLREM1-NA,IRIVIR,NA,1
FL,REM,1,FLREM1,NA,FLREM1-NA,JUNTOR,NA,1
FL,REM,1,FLREM1,NA,FLREM1-NA,KRIBIF,NA,1
FL,REM,1,FLREM1,NA,FLREM1-NA,LACCAN,NA,1
FL,REM,1,FLREM1,NA,FLREM1-NA,LATPAL,NA,1
FL,REM,1,FLREM1,NA,FLREM1-NA,LESCAP,NA,1
FL,REM,1,FLREM1,NA,FLREM1-NA,LIAASP,NA,1
FL,REM,1,FLREM1,NA,FLREM1-NA,LIAPYC,NA,1
FL,REM,1,FLREM1,NA,FLREM1-NA,LIASPI,NA,1
FL,REM,1,FLREM1,NA,FLREM1-NA,LILMIC,NA,1
FL,REM,1,FLREM1,NA,FLREM1-NA,LILPHI,NA,1
FL,REM,1,FLREM1,NA,FLREM1-NA,LITCAN,NA,1
FL,REM,1,FLREM1,NA,FLREM1-NA,LOBSPI,NA,1
FL,REM,1,FLREM1,NA,FLREM1-NA,LYCAME,NA,1
FL,REM,1,FLREM1,NA,FLREM1-NA,LYSQUA,NA,1
FL,REM,1,FLREM1,NA,FLREM1-NA,MAISTE,NA,1
FL,REM,1,FLREM1,NA,FLREM1-NA,MICPEN,NA,1
FL,REM,1,FLREM1,NA,FLREM1-NA,MONFIS,NA,1
FL,REM,1,FLREM1,NA,FLREM1-NA,ORAUNI,NA,1
FL,REM,1,FLREM1,NA,FLREM1-NA,OXAVIO,NA,1
FL,REM,1,FLREM1,NA,FLREM1-NA,OXYRIG,NA,1
FL,REM,1,FLREM1,NA,FLREM1-NA,PANVIR,NA,1
FL,REM,1,FLREM1,NA,FLREM1-NA,PARINT,NA,1
FL,REM,1,FLREM1,NA,FLREM1-NA,PEDCAN,NA,1
FL,REM,1,FLREM1,NA,FLREM1-NA,PEDLAN,NA,1
FL,REM,1,FLREM1,NA,FLREM1-NA,PENDIG,NA,1
FL,REM,1,FLREM1,NA,FLREM1-NA,PHLGLA,NA,1
FL,REM,1,FLREM1,NA,FLREM1-NA,PHLPIL,NA,1
FL,REM,1,FLREM1,NA,FLREM1-NA,PHYSOVIR,NA,1
FL,REM,1,FLREM1,NA,FLREM1-NA,POLSEN,NA,1
FL,REM,1,FLREM1,NA,FLREM1-NA,POTARG,NA,1
FL,REM,1,FLREM1,NA,FLREM1-NA,POTSIM,NA,1
FL,REM,1,FLREM1,NA,FLREM1-NA,PRERAC,NA,1
FL,REM,1,FLREM1,NA,FLREM1-NA,PRUVUL,NA,1
FL,REM,1,FLREM1,NA,FLREM1-NA,PYCVIR,NA,1
FL,REM,1,FLREM1,NA,FLREM1-NA,RANPEN,NA,1
FL,REM,1,FLREM1,NA,FLREM1-NA,RATPIN,NA,1
FL,REM,1,FLREM1,NA,FLREM1-NA,ROSARK,NA,1
FL,REM,1,FLREM1,NA,FLREM1-NA,ROSCAR,NA,1
FL,REM,1,FLREM1,NA,FLREM1-NA,RUDHIR,NA,1
FL,REM,1,FLREM1,NA,FLREM1-NA,SCHSCO,NA,1
FL,REM,1,FLREM1,NA,FLREM1-NA,SCIATR,NA,1
FL,REM,1,FLREM1,NA,FLREM1-NA,SCILIN,NA,1
FL,REM,1,FLREM1,NA,FLREM1-NA,SCUPAR,NA,1
FL,REM,1,FLREM1,NA,FLREM1-NA,SILINT,NA,1
FL,REM,1,FLREM1,NA,FLREM1-NA,SILLAC,NA,1
FL,REM,1,FLREM1,NA,FLREM1-NA,SILTER,NA,1
FL,REM,1,FLREM1,NA,FLREM1-NA,SISALB,NA,1
FL,REM,1,FLREM1,NA,FLREM1-NA,SOLGIG,NA,1
FL,REM,1,FLREM1,NA,FLREM1-NA,SOLJUN,NA,1
FL,REM,1,FLREM1,NA,FLREM1-NA,SOLRID,NA,1
FL,REM,1,FLREM1,NA,FLREM1-NA,SOLRIG,NA,1
FL,REM,1,FLREM1,NA,FLREM1-NA,SORNUT,NA,1
FL,REM,1,FLREM1,NA,FLREM1-NA,SPAPEC,NA,1
FL,REM,1,FLREM1,NA,FLREM1-NA,SPHINT,NA,1
FL,REM,1,FLREM1,NA,FLREM1-NA,SPOHET,NA,1
FL,REM,1,FLREM1,NA,FLREM1-NA,STAPAL,NA,1
FL,REM,1,FLREM1,NA,FLREM1-NA,SYMLAN,NA,1
FL,REM,1,FLREM1,NA,FLREM1-NA,SYMOOL,NA,1
FL,REM,1,FLREM1,NA,FLREM1-NA,TEUCAN,NA,1
FL,REM,1,FLREM1,NA,FLREM1-NA,THADAS,NA,1
FL,REM,1,FLREM1,NA,FLREM1-NA,THAREV,NA,1
FL,REM,1,FLREM1,NA,FLREM1-NA,TRAOHI,NA,1
FL,REM,1,FLREM1,NA,FLREM1-NA,VERFAS,NA,1
FL,REM,1,FLREM1,NA,FLREM1-NA,VERHAS,NA,1
FL,REM,1,FLREM1,NA,FLREM1-NA,VERVIR,NA,1
FL,REM,1,FLREM1,NA,FLREM1-NA,VICAME,NA,1
FL,REM,1,FLREM1,NA,FLREM1-NA,VIOCUC,NA,1
FL,REM,1,FLREM1,NA,FLREM1-NA,VIOPED,NA,1
FL,REM,1,FLREM1,NA,FLREM1-NA,ZIZAUR,NA,1
LP,REM,1,LPREM1,1,LPREM1-1,ANDGER,6,1
LP,REM,1,LPREM1,1,LPREM1-1,BOUCUR,1,1
LP,REM,1,LPREM1,1,LPREM1-1,BROINE,9,1
LP,REM,1,LPREM1,1,LPREM1-1,CIRARV,10,1
LP,REM,1,LPREM1,1,LPREM1-1,ELYCAN,24,1
LP,REM,1,LPREM1,1,LPREM1-1,ELYVIR,28,1
LP,REM,1,LPREM1,1,LPREM1-1,LITTER,6,1
LP,REM,1,LPREM1,1,LPREM1-1,MONFIS,9,1
LP,REM,1,LPREM1,1,LPREM1-1,PANCAP,7,1
LP,REM,1,LPREM1,2,LPREM1-2,ANDGER,19,1
LP,REM,1,LPREM1,2,LPREM1-2,ELYCAN,31,1
LP,REM,1,LPREM1,2,LPREM1-2,ERIANN,2,1
LP,REM,1,LPREM1,2,LPREM1-2,PANCAP,14,1
LP,REM,1,LPREM1,2,LPREM1-2,SILINT,3,1
LP,REM,1,LPREM1,2,LPREM1-2,SORNUT,18,1
LP,REM,1,LPREM1,2,LPREM1-2,SYMNOV,13,1
LP,REM,1,LPREM1,3,LPREM1-3,ANDGER,20,1
LP,REM,1,LPREM1,3,LPREM1-3,ELYVIR,62,1
LP,REM,1,LPREM1,3,LPREM1-3,ERIANN,4,1
LP,REM,1,LPREM1,3,LPREM1-3,PANCAP,14,1
LP,REM,1,LPREM1,4,LPREM1-4,ANDGER,3,1
LP,REM,1,LPREM1,4,LPREM1-4,ELYCAN,3,1
LP,REM,1,LPREM1,4,LPREM1-4,ELYVIR,2,1
LP,REM,1,LPREM1,4,LPREM1-4,HELHEL,50,1
LP,REM,1,LPREM1,4,LPREM1-4,PANCAP,41,1
LP,REM,1,LPREM1,4,LPREM1-4,SORNUT,1,1
LP,REM,1,LPREM1,5,LPREM1-5,CIRARV,1,1
LP,REM,1,LPREM1,5,LPREM1-5,HELHEL,7,1
LP,REM,1,LPREM1,5,LPREM1-5,MONFIS,7,1
LP,REM,1,LPREM1,5,LPREM1-5,PANCAP,3,1
LP,REM,1,LPREM1,5,LPREM1-5,RATPIN,16,1
LP,REM,1,LPREM1,5,LPREM1-5,SOLCAN,10,1
LP,REM,1,LPREM1,5,LPREM1-5,SYMLAE,5,1
LP,REM,1,LPREM1,5,LPREM1-5,SYMNOV,8,1
LP,REM,1,LPREM1,5,LPREM1-5,VITRIP,43,1
LP,REM,1,LPREM1,6,LPREM1-6,BUTUMB,8,1
LP,REM,1,LPREM1,6,LPREM1-6,CIRARV,2,1
LP,REM,1,LPREM1,6,LPREM1-6,EUPPER,5,1
LP,REM,1,LPREM1,6,LPREM1-6,HELAUT,4,1
LP,REM,1,LPREM1,6,LPREM1-6,LOBCAR,1,1
LP,REM,1,LPREM1,6,LPREM1-6,LOBSIL,13,1
LP,REM,1,LPREM1,6,LPREM1-6,PHAARU,3,1
LP,REM,1,LPREM1,6,LPREM1-6,SALIX,21,1
LP,REM,1,LPREM1,6,LPREM1-6,SORNUT,4,1
LP,REM,1,LPREM1,6,LPREM1-6,SYMNOV,6,1
LP,REM,1,LPREM1,6,LPREM1-6,SYMPIL,27,1
LP,REM,1,LPREM1,6,LPREM1-6,VERHAS,3,1
LP,REM,1,LPREM1,6,LPREM1-6,VIOSOR,3,1
LP,REM,1,LPREM1,7,LPREM1-7,CIRARV,1,1
LP,REM,1,LPREM1,7,LPREM1-7,ELYVIR,6,1
LP,REM,1,LPREM1,7,LPREM1-7,PANCAP,65,1
LP,REM,1,LPREM1,7,LPREM1-7,RHACAT,7,1
LP,REM,1,LPREM1,7,LPREM1-7,RUDHIR,3,1
LP,REM,1,LPREM1,7,LPREM1-7,SOLPTY,1,1
LP,REM,1,LPREM1,7,LPREM1-7,SORNUT,5,1
LP,REM,1,LPREM1,7,LPREM1-7,VERHAS,11,1
LP,REM,1,LPREM1,7,LPREM1-7,VERSTR,1,1
LP,REM,1,LPREM1,8,LPREM1-8,ANDGER,34,1
LP,REM,1,LPREM1,8,LPREM1-8,CIRARV,4,1
LP,REM,1,LPREM1,8,LPREM1-8,ELYVIR,17,1
LP,REM,1,LPREM1,8,LPREM1-8,MONFIS,3,1
LP,REM,1,LPREM1,8,LPREM1-8,PANCAP,18,1
LP,REM,1,LPREM1,8,LPREM1-8,RATPIN,12,1
LP,REM,1,LPREM1,8,LPREM1-8,SYMLAE,5,1
LP,REM,1,LPREM1,8,LPREM1-8,SYMNOV,7,1
LP,REM,1,LPREM1,9,LPREM1-9,CIRARV,23,1
LP,REM,1,LPREM1,9,LPREM1-9,ELYCAN,15,1
LP,REM,1,LPREM1,9,LPREM1-9,ELYVIR,7,1
LP,REM,1,LPREM1,9,LPREM1-9,HELGIG,13,1
LP,REM,1,LPREM1,9,LPREM1-9,LITTER,6,1
LP,REM,1,LPREM1,9,LPREM1-9,PANCAP,8,1
LP,REM,1,LPREM1,9,LPREM1-9,PHYALK,3,1
LP,REM,1,LPREM1,9,LPREM1-9,SOLPTY,9,1
LP,REM,1,LPREM1,9,LPREM1-9,VITRIP,16,1
LP,REM,1,LPREM1,10,LPREM1-10,CIRARV,2,1
LP,REM,1,LPREM1,10,LPREM1-10,ELYCAN,1,1
LP,REM,1,LPREM1,10,LPREM1-10,ELYVIR,2,1
LP,REM,1,LPREM1,10,LPREM1-10,LITTER,5,1
LP,REM,1,LPREM1,10,LPREM1-10,MONFIS,4,1
LP,REM,1,LPREM1,10,LPREM1-10,PANCAP,16,1
LP,REM,1,LPREM1,10,LPREM1-10,PYCTEN,1,1
LP,REM,1,LPREM1,10,LPREM1-10,RATPIN,14,1
LP,REM,1,LPREM1,10,LPREM1-10,SOLCAN,15,1
LP,REM,1,LPREM1,10,LPREM1-10,SYMLAE,7,1
LP,REM,1,LPREM1,10,LPREM1-10,SYMNOV,33,1
MB,REM,1,MBREM1,1,MBREM1-1,ACHMIL,4,1
MB,REM,1,MBREM1,1,MBREM1-1,ANDGER,16,1
MB,REM,1,MBREM1,1,MBREM1-1,ANTPLA,3,1
MB,REM,1,MBREM1,1,MBREM1-1,BOTVIR,1,1
MB,REM,1,MBREM1,1,MBREM1-1,CARSIC,18,1
MB,REM,1,MBREM1,1,MBREM1-1,CONARV,1,1
MB,REM,1,MBREM1,1,MBREM1-1,EREHIE,1,1
MB,REM,1,MBREM1,1,MBREM1-1,HIECAE,1,1
MB,REM,1,MBREM1,1,MBREM1-1,LESCAP,7,1
MB,REM,1,MBREM1,1,MBREM1-1,LITTER,6,1
MB,REM,1,MBREM1,1,MBREM1-1,MONFIS,5,1
MB,REM,1,MBREM1,1,MBREM1-1,PLAMAJ,1,1
MB,REM,1,MBREM1,1,MBREM1-1,PRIMEA,9,1
MB,REM,1,MBREM1,1,MBREM1-1,PYCVIR,1,1
MB,REM,1,MBREM1,1,MBREM1-1,RATPIN,2,1
MB,REM,1,MBREM1,1,MBREM1-1,SOLSPE,3,1
MB,REM,1,MBREM1,1,MBREM1-1,SORNUT,21,1
MB,REM,1,MBREM1,2,MBREM1-2,ACHMIL,2,1
MB,REM,1,MBREM1,2,MBREM1-2,ANDGER,12,1
MB,REM,1,MBREM1,2,MBREM1-2,BARESOIL,1,1
MB,REM,1,MBREM1,2,MBREM1-2,CARSIC,8,1
MB,REM,1,MBREM1,2,MBREM1-2,COMUMB,3,1
MB,REM,1,MBREM1,2,MBREM1-2,DAUCAR,6,1
MB,REM,1,MBREM1,2,MBREM1-2,DICANT,6,1
MB,REM,1,MBREM1,2,MBREM1-2,ERIANN,2,1
MB,REM,1,MBREM1,2,MBREM1-2,HIECAE,4,1
MB,REM,1,MBREM1,2,MBREM1-2,LECSTR,1,1
MB,REM,1,MBREM1,2,MBREM1-2,LITTER,6,1
MB,REM,1,MBREM1,2,MBREM1-2,PHLPRA,5,1
MB,REM,1,MBREM1,2,MBREM1-2,PLALAN,7,1
MB,REM,1,MBREM1,2,MBREM1-2,POAPRA,5,1
MB,REM,1,MBREM1,2,MBREM1-2,POTREC,2,1
MB,REM,1,MBREM1,2,MBREM1-2,PRIMEA,5,1
MB,REM,1,MBREM1,2,MBREM1-2,RUMCRI,1,1
MB,REM,1,MBREM1,2,MBREM1-2,SCHSCO,10,1
MB,REM,1,MBREM1,2,MBREM1-2,SORNUT,2,1
MB,REM,1,MBREM1,2,MBREM1-2,TRIPRA,10,1
MB,REM,1,MBREM1,2,MBREM1-2,VIOSAG,2,1
MB,REM,1,MBREM1,3,MBREM1-3,ACHMIL,3,1
MB,REM,1,MBREM1,3,MBREM1-3,ANDGER,15,1
MB,REM,1,MBREM1,3,MBREM1-3,CARSIC,15,1
MB,REM,1,MBREM1,3,MBREM1-3,CONARV,2,1
MB,REM,1,MBREM1,3,MBREM1-3,HYPASC,6,1
MB,REM,1,MBREM1,3,MBREM1-3,LITTER,1,1
MB,REM,1,MBREM1,3,MBREM1-3,MONFIS,11,1
MB,REM,1,MBREM1,3,MBREM1-3,RUDHIR,2,1
MB,REM,1,MBREM1,3,MBREM1-3,SOLSPE,11,1
MB,REM,1,MBREM1,3,MBREM1-3,SORNUT,29,1
MB,REM,1,MBREM1,3,MBREM1-3,SYMLAT,2,1
MB,REM,1,MBREM1,3,MBREM1-3,SYMOOL,3,1
MB,REM,1,MBREM1,4,MBREM1-4,ACHMIL,1,1
MB,REM,1,MBREM1,4,MBREM1-4,ANDGER,15,1
MB,REM,1,MBREM1,4,MBREM1-4,CARSIC,14,1
MB,REM,1,MBREM1,4,MBREM1-4,CORAME,3,1
MB,REM,1,MBREM1,4,MBREM1-4,DAUCAR,1,1
MB,REM,1,MBREM1,4,MBREM1-4,FRAVIR,4,1
MB,REM,1,MBREM1,4,MBREM1-4,HIECAE,3,1
MB,REM,1,MBREM1,4,MBREM1-4,LESCAP,1,1
MB,REM,1,MBREM1,4,MBREM1-4,LITTER,4,1
MB,REM,1,MBREM1,4,MBREM1-4,MONFIS,8,1
MB,REM,1,MBREM1,4,MBREM1-4,MUHFRO,1,1
MB,REM,1,MBREM1,4,MBREM1-4,PEDCAN,5,1
MB,REM,1,MBREM1,4,MBREM1-4,POPTRE,1,1
MB,REM,1,MBREM1,4,MBREM1-4,PRIMEA,1,1
MB,REM,1,MBREM1,4,MBREM1-4,PYCVIR,9,1
MB,REM,1,MBREM1,4,MBREM1-4,QUEVEL,5,1
MB,REM,1,MBREM1,4,MBREM1-4,RUDHIR,8,1
MB,REM,1,MBREM1,4,MBREM1-4,SORNUT,15,1
MB,REM,1,MBREM1,4,MBREM1-4,SYMURO,1,1
MB,REM,1,MBREM1,5,MBREM1-5,ANDGER,15,1
MB,REM,1,MBREM1,5,MBREM1-5,ANECYL,1,1
MB,REM,1,MBREM1,5,MBREM1-5,CARSIC,5,1
MB,REM,1,MBREM1,5,MBREM1-5,CONARV,1,1
MB,REM,1,MBREM1,5,MBREM1-5,FRAVIR,1,1
MB,REM,1,MBREM1,5,MBREM1-5,LESCAP,3,1
MB,REM,1,MBREM1,5,MBREM1-5,LITTER,1,1
MB,REM,1,MBREM1,5,MBREM1-5,MONFIS,5,1
MB,REM,1,MBREM1,5,MBREM1-5,PENDIG,1,1
MB,REM,1,MBREM1,5,MBREM1-5,POAANN,5,1
MB,REM,1,MBREM1,5,MBREM1-5,PRIMEA,4,1
MB,REM,1,MBREM1,5,MBREM1-5,PYCVIR,6,1
MB,REM,1,MBREM1,5,MBREM1-5,RATPIN,2,1
MB,REM,1,MBREM1,5,MBREM1-5,RUBFLA,6,1
MB,REM,1,MBREM1,5,MBREM1-5,SOLSPE,4,1
MB,REM,1,MBREM1,5,MBREM1-5,SORNUT,5,1
MB,REM,1,MBREM1,5,MBREM1-5,SPOHET,33,1
MB,REM,1,MBREM1,5,MBREM1-5,VERVIR,2,1
MB,REM,1,MBREM1,6,MBREM1-6,ACHMIL,1,1
MB,REM,1,MBREM1,6,MBREM1-6,ANDGER,6,1
MB,REM,1,MBREM1,6,MBREM1-6,CARSIC,20,1
MB,REM,1,MBREM1,6,MBREM1-6,DAUCAR,2,1
MB,REM,1,MBREM1,6,MBREM1-6,EUPCOR,2,1
MB,REM,1,MBREM1,6,MBREM1-6,GERMAC,1,1
MB,REM,1,MBREM1,6,MBREM1-6,LITTER,1,1
MB,REM,1,MBREM1,6,MBREM1-6,MONFIS,7,1
MB,REM,1,MBREM1,6,MBREM1-6,PENDIG,4,1
MB,REM,1,MBREM1,6,MBREM1-6,RUBFLA,15,1
MB,REM,1,MBREM1,6,MBREM1-6,RUDHIR,4,1
MB,REM,1,MBREM1,6,MBREM1-6,SOLSPE,3,1
MB,REM,1,MBREM1,6,MBREM1-6,SORNUT,30,1
MB,REM,1,MBREM1,6,MBREM1-6,SYMPIL,2,1
MB,REM,1,MBREM1,6,MBREM1-6,SYMURO,2,1
MB,REM,1,MBREM1,7,MBREM1-7,ACHMIL,1,1
MB,REM,1,MBREM1,7,MBREM1-7,ANDGER,61,1
MB,REM,1,MBREM1,7,MBREM1-7,CARSIC,5,1
MB,REM,1,MBREM1,7,MBREM1-7,HELPAU,3,1
MB,REM,1,MBREM1,7,MBREM1-7,LESCAP,3,1
MB,REM,1,MBREM1,7,MBREM1-7,LITTER,5,1
MB,REM,1,MBREM1,7,MBREM1-7,PENDIG,2,1
MB,REM,1,MBREM1,7,MBREM1-7,PRIMEA,5,1
MB,REM,1,MBREM1,7,MBREM1-7,PYCVIR,5,1
MB,REM,1,MBREM1,7,MBREM1-7,RATPIN,1,1
MB,REM,1,MBREM1,7,MBREM1-7,RUBFLA,3,1
MB,REM,1,MBREM1,7,MBREM1-7,RUDHIR,3,1
MB,REM,1,MBREM1,7,MBREM1-7,SYMURO,1,1
MB,REM,1,MBREM1,7,MBREM1-7,VERVIR,2,1
MB,REM,1,MBREM1,8,MBREM1-8,ACHMIL,4,1
MB,REM,1,MBREM1,8,MBREM1-8,ANDGER,33,1
MB,REM,1,MBREM1,8,MBREM1-8,CARSIC,5,1
MB,REM,1,MBREM1,8,MBREM1-8,HELPAU,3,1
MB,REM,1,MBREM1,8,MBREM1-8,HELSTR,4,1
MB,REM,1,MBREM1,8,MBREM1-8,LESCAP,2,1
MB,REM,1,MBREM1,8,MBREM1-8,LITTER,9,1
MB,REM,1,MBREM1,8,MBREM1-8,MONFIS,1,1
MB,REM,1,MBREM1,8,MBREM1-8,PYCVIR,2,1
MB,REM,1,MBREM1,8,MBREM1-8,QUEVEL,2,1
MB,REM,1,MBREM1,8,MBREM1-8,RUBFLA,3,1
MB,REM,1,MBREM1,8,MBREM1-8,RUDHIR,2,1
MB,REM,1,MBREM1,8,MBREM1-8,SCHSCO,7,1
MB,REM,1,MBREM1,8,MBREM1-8,SOLSPE,6,1
MB,REM,1,MBREM1,8,MBREM1-8,SORNUT,7,1
MB,REM,1,MBREM1,8,MBREM1-8,SYMOOL,2,1
MB,REM,1,MBREM1,8,MBREM1-8,SYMURO,1,1
MB,REM,1,MBREM1,8,MBREM1-8,VACANG,7,1
MB,REM,1,MBREM1,9,MBREM1-9,ACHMIL,1,1
MB,REM,1,MBREM1,9,MBREM1-9,AMOCAN,13,1
MB,REM,1,MBREM1,9,MBREM1-9,ANDGER,18,1
MB,REM,1,MBREM1,9,MBREM1-9,CARSIC,21,1
MB,REM,1,MBREM1,9,MBREM1-9,HELSTR,5,1
MB,REM,1,MBREM1,9,MBREM1-9,LITTER,4,1
MB,REM,1,MBREM1,9,MBREM1-9,MONFIS,3,1
MB,REM,1,MBREM1,9,MBREM1-9,OXASTR,1,1
MB,REM,1,MBREM1,9,MBREM1-9,POAANN,1,1
MB,REM,1,MBREM1,9,MBREM1-9,RUDHIR,1,1
MB,REM,1,MBREM1,9,MBREM1-9,SORNUT,19,1
MB,REM,1,MBREM1,9,MBREM1-9,SPOCRY,1,1
MB,REM,1,MBREM1,9,MBREM1-9,VACANG,12,1
MB,REM,1,MBREM1,10,MBREM1-10,ACHMIL,1,1
MB,REM,1,MBREM1,10,MBREM1-10,ANDGER,4,1
MB,REM,1,MBREM1,10,MBREM1-10,CARSIC,40,1
MB,REM,1,MBREM1,10,MBREM1-10,CONARV,2,1
MB,REM,1,MBREM1,10,MBREM1-10,CORAME,2,1
MB,REM,1,MBREM1,10,MBREM1-10,DAUCAR,1,1
MB,REM,1,MBREM1,10,MBREM1-10,DESILL,1,1
MB,REM,1,MBREM1,10,MBREM1-10,FRAVIR,6,1
MB,REM,1,MBREM1,10,MBREM1-10,GERMAC,1,1
MB,REM,1,MBREM1,10,MBREM1-10,LESCAP,2,1
MB,REM,1,MBREM1,10,MBREM1-10,LITTER,6,1
MB,REM,1,MBREM1,10,MBREM1-10,MONFIS,13,1
MB,REM,1,MBREM1,10,MBREM1-10,PEDCAN,7,1
MB,REM,1,MBREM1,10,MBREM1-10,PENDIG,1,1
MB,REM,1,MBREM1,10,MBREM1-10,PRIMEA,2,1
MB,REM,1,MBREM1,10,MBREM1-10,RUDHIR,3,1
MB,REM,1,MBREM1,10,MBREM1-10,SYMOOL,2,1
MB,REM,1,MBREM1,10,MBREM1-10,SYMURO,3,1
MB,REM,1,MBREM1,10,MBREM1-10,VACANG,2,1
MB,REM,1,MBREM1,10,MBREM1-10,VIOSOR,1,1
BB,RP,1,BBRP1,1,BBRP1-1,ANDGER,7,1
BB,RP,1,BBRP1,1,BBRP1-1,LITTER,3,1
BB,RP,1,BBRP1,1,BBRP1-1,RUDTRI,8,1
BB,RP,1,BBRP1,1,BBRP1-1,SOLCAN,5,1
BB,RP,1,BBRP1,1,BBRP1-1,SOLSPE,49,1
BB,RP,1,BBRP1,1,BBRP1-1,SORNUT,21,1
BB,RP,1,BBRP1,1,BBRP1-1,SYMNOV,3,1
BB,RP,1,BBRP1,1,BBRP1-1,SYMPIL,4,1
BB,RP,1,BBRP1,2,BBRP1-2,ANDGER,17,1
BB,RP,1,BBRP1,2,BBRP1-2,BAPLAC,26,1
BB,RP,1,BBRP1,2,BBRP1-2,DAUCAR,3,1
BB,RP,1,BBRP1,2,BBRP1-2,LIAPYC,2,1
BB,RP,1,BBRP1,2,BBRP1-2,LITTER,5,1
BB,RP,1,BBRP1,2,BBRP1-2,MONFIS,1,1
BB,RP,1,BBRP1,2,BBRP1-2,RUDTRI,17,1
BB,RP,1,BBRP1,2,BBRP1-2,SOLCAN,3,1
BB,RP,1,BBRP1,2,BBRP1-2,SOLRIG,10,1
BB,RP,1,BBRP1,2,BBRP1-2,SORNUT,6,1
BB,RP,1,BBRP1,2,BBRP1-2,SYMNOV,6,1
BB,RP,1,BBRP1,2,BBRP1-2,SYMPIL,4,1
BB,RP,1,BBRP1,3,BBRP1-3,AGEALT,2,1
BB,RP,1,BBRP1,3,BBRP1-3,AMBART,2,1
BB,RP,1,BBRP1,3,BBRP1-3,ANDGER,10,1
BB,RP,1,BBRP1,3,BBRP1-3,DAUCAR,8,1
BB,RP,1,BBRP1,3,BBRP1-3,DESILL,20,1
BB,RP,1,BBRP1,3,BBRP1-3,ERYYUC,15,1
BB,RP,1,BBRP1,3,BBRP1-3,LITTER,10,1
BB,RP,1,BBRP1,3,BBRP1-3,SCHSCO,12,1
BB,RP,1,BBRP1,3,BBRP1-3,SORNUT,21,1
BB,RP,1,BBRP1,4,BBRP1-4,ANDGER,23,1
BB,RP,1,BBRP1,4,BBRP1-4,ARNATR,4,1
BB,RP,1,BBRP1,4,BBRP1-4,BARVUL,2,1
BB,RP,1,BBRP1,4,BBRP1-4,DAUCAR,2,1
BB,RP,1,BBRP1,4,BBRP1-4,HELGIG,7,1
BB,RP,1,BBRP1,4,BBRP1-4,LITTER,10,1
BB,RP,1,BBRP1,4,BBRP1-4,MONFIS,8,1
BB,RP,1,BBRP1,4,BBRP1-4,PANCAP,12,1
BB,RP,1,BBRP1,4,BBRP1-4,RATPIN,3,1
BB,RP,1,BBRP1,4,BBRP1-4,RUDTRI,5,1
BB,RP,1,BBRP1,4,BBRP1-4,SOLRIG,4,1
BB,RP,1,BBRP1,4,BBRP1-4,SORNUT,15,1
BB,RP,1,BBRP1,4,BBRP1-4,SYMNOV,5,1
BB,RP,1,BBRP1,5,BBRP1-5,ANDGER,23,1
BB,RP,1,BBRP1,5,BBRP1-5,BARESOIL,4,1
BB,RP,1,BBRP1,5,BBRP1-5,BRIEUP,5,1
BB,RP,1,BBRP1,5,BBRP1-5,DRYARG,1,1
BB,RP,1,BBRP1,5,BBRP1-5,ERYYUC,4,1
BB,RP,1,BBRP1,5,BBRP1-5,LIAPYC,1,1
BB,RP,1,BBRP1,5,BBRP1-5,LITTER,22,1
BB,RP,1,BBRP1,5,BBRP1-5,MONFIS,2,1
BB,RP,1,BBRP1,5,BBRP1-5,SILINT,8,1
BB,RP,1,BBRP1,5,BBRP1-5,SOLCAN,7,1
BB,RP,1,BBRP1,5,BBRP1-5,SOLRIG,10,1
BB,RP,1,BBRP1,5,BBRP1-5,SYMNOV,9,1
BB,RP,1,BBRP1,5,BBRP1-5,SYMPIL,4,1
BB,RP,1,BBRP1,6,BBRP1-6,AMPBRA,2,1
BB,RP,1,BBRP1,6,BBRP1-6,ANDGER,6,1
BB,RP,1,BBRP1,6,BBRP1-6,BARESOIL,8,1
BB,RP,1,BBRP1,6,BBRP1-6,HELGIG,3,1
BB,RP,1,BBRP1,6,BBRP1-6,LIAPYC,2,1
BB,RP,1,BBRP1,6,BBRP1-6,LITTER,8,1
BB,RP,1,BBRP1,6,BBRP1-6,RUDTRI,13,1
BB,RP,1,BBRP1,6,BBRP1-6,SOLCAN,31,1
BB,RP,1,BBRP1,6,BBRP1-6,SOLGIG,4,1
BB,RP,1,BBRP1,6,BBRP1-6,SOLRIG,3,1
BB,RP,1,BBRP1,6,BBRP1-6,SORNUT,16,1
BB,RP,1,BBRP1,6,BBRP1-6,SYMNOV,4,1
BB,RP,1,BBRP1,7,BBRP1-7,ANDGER,27,1
BB,RP,1,BBRP1,7,BBRP1-7,ARNATR,4,1
BB,RP,1,BBRP1,7,BBRP1-7,BRIEUP,9,1
BB,RP,1,BBRP1,7,BBRP1-7,ERYYUC,3,1
BB,RP,1,BBRP1,7,BBRP1-7,ROSCAR,3,1
BB,RP,1,BBRP1,7,BBRP1-7,RUDTRI,2,1
BB,RP,1,BBRP1,7,BBRP1-7,SOLRIG,7,1
BB,RP,1,BBRP1,7,BBRP1-7,SOLSPE,20,1
BB,RP,1,BBRP1,7,BBRP1-7,SORNUT,25,1
BB,RP,1,BBRP1,8,BBRP1-8,ANDGER,14,1
BB,RP,1,BBRP1,8,BBRP1-8,ARNATR,1,1
BB,RP,1,BBRP1,8,BBRP1-8,BRIEUP,1,1
BB,RP,1,BBRP1,8,BBRP1-8,ERYYUC,11,1
BB,RP,1,BBRP1,8,BBRP1-8,HELGIG,3,1
BB,RP,1,BBRP1,8,BBRP1-8,LITTER,8,1
BB,RP,1,BBRP1,8,BBRP1-8,MONFIS,6,1
BB,RP,1,BBRP1,8,BBRP1-8,RUDTRI,27,1
BB,RP,1,BBRP1,8,BBRP1-8,SOLSPE,1,1
BB,RP,1,BBRP1,8,BBRP1-8,SORNUT,12,1
BB,RP,1,BBRP1,8,BBRP1-8,SYMNOV,16,1
BB,RP,1,BBRP1,9,BBRP1-9,ANDGER,18,1
BB,RP,1,BBRP1,9,BBRP1-9,ASCTUB,8,1
BB,RP,1,BBRP1,9,BBRP1-9,BAPLAC,2,1
BB,RP,1,BBRP1,9,BBRP1-9,BRIEUP,3,1
BB,RP,1,BBRP1,9,BBRP1-9,HELGIG,2,1
BB,RP,1,BBRP1,9,BBRP1-9,LITTER,5,1
BB,RP,1,BBRP1,9,BBRP1-9,SOLRIG,24,1
BB,RP,1,BBRP1,9,BBRP1-9,SORNUT,28,1
BB,RP,1,BBRP1,9,BBRP1-9,SYMLAE,10,1
BB,RP,1,BBRP1,10,BBRP1-10,BOUCUR,4,1
BB,RP,1,BBRP1,10,BBRP1-10,BRIEUP,17,1
BB,RP,1,BBRP1,10,BBRP1-10,LITTER,12,1
BB,RP,1,BBRP1,10,BBRP1-10,MONFIS,4,1
BB,RP,1,BBRP1,10,BBRP1-10,PANCAP,3,1
BB,RP,1,BBRP1,10,BBRP1-10,SCHSCO,9,1
BB,RP,1,BBRP1,10,BBRP1-10,SOLRIG,27,1
BB,RP,1,BBRP1,10,BBRP1-10,SORNUT,21,1
BB,RP,1,BBRP1,10,BBRP1-10,SYMNOV,3,1
ER,RP,1,ERRP1,1,ERRP1-1,ACENEG,2,1
ER,RP,1,ERRP1,1,ERRP1-1,BARESOIL,1,1
ER,RP,1,ERRP1,1,ERRP1-1,CIRARV,3,1
ER,RP,1,ERRP1,1,ERRP1-1,DAUCAR,1,1
ER,RP,1,ERRP1,1,ERRP1-1,LITTER,1,1
ER,RP,1,ERRP1,1,ERRP1-1,MONFIS,1,1
ER,RP,1,ERRP1,1,ERRP1-1,OENBIE,2,1
ER,RP,1,ERRP1,1,ERRP1-1,PLALAN,1,1
ER,RP,1,ERRP1,1,ERRP1-1,POAPRA,2,1
ER,RP,1,ERRP1,1,ERRP1-1,RUDHIR,1,1
ER,RP,1,ERRP1,1,ERRP1-1,RUDTRI,71,1
ER,RP,1,ERRP1,1,ERRP1-1,SOLCAN,1,1
ER,RP,1,ERRP1,1,ERRP1-1,SYMLAT,7,1
ER,RP,1,ERRP1,1,ERRP1-1,SYMNOV,2,1
ER,RP,1,ERRP1,1,ERRP1-1,TAROFF,2,1
ER,RP,1,ERRP1,1,ERRP1-1,TRIPRA,2,1
ER,RP,1,ERRP1,2,ERRP1-2,AGEALT,2,1
ER,RP,1,ERRP1,2,ERRP1-2,BARESOIL,1,1
ER,RP,1,ERRP1,2,ERRP1-2,LITTER,3,1
ER,RP,1,ERRP1,2,ERRP1-2,OXASTR,1,1
ER,RP,1,ERRP1,2,ERRP1-2,PANVIR,60,1
ER,RP,1,ERRP1,2,ERRP1-2,PHYALK,1,1
ER,RP,1,ERRP1,2,ERRP1-2,PLALAN,2,1
ER,RP,1,ERRP1,2,ERRP1-2,POAPRA,1,1
ER,RP,1,ERRP1,2,ERRP1-2,RUDTRI,25,1
ER,RP,1,ERRP1,2,ERRP1-2,SYMLAT,2,1
ER,RP,1,ERRP1,2,ERRP1-2,TAROFF,1,1
ER,RP,1,ERRP1,2,ERRP1-2,TRIPRA,1,1
ER,RP,1,ERRP1,3,ERRP1-3,BARESOIL,1,1
ER,RP,1,ERRP1,3,ERRP1-3,DAUCAR,2,1
ER,RP,1,ERRP1,3,ERRP1-3,GLEHED,19,1
ER,RP,1,ERRP1,3,ERRP1-3,HELHEL,3,1
ER,RP,1,ERRP1,3,ERRP1-3,LITTER,2,1
ER,RP,1,ERRP1,3,ERRP1-3,MONFIS,2,1
ER,RP,1,ERRP1,3,ERRP1-3,OENBIE,2,1
ER,RP,1,ERRP1,3,ERRP1-3,PANVIR,12,1
ER,RP,1,ERRP1,3,ERRP1-3,POAPRA,5,1
ER,RP,1,ERRP1,3,ERRP1-3,RATPIN,2,1
ER,RP,1,ERRP1,3,ERRP1-3,RUDTRI,15,1
ER,RP,1,ERRP1,3,ERRP1-3,SYMLAE,1,1
ER,RP,1,ERRP1,3,ERRP1-3,SYMLAT,16,1
ER,RP,1,ERRP1,3,ERRP1-3,TAROFF,1,1
ER,RP,1,ERRP1,3,ERRP1-3,TRIPRA,2,1
ER,RP,1,ERRP1,3,ERRP1-3,VERHAS,6,1
ER,RP,1,ERRP1,3,ERRP1-3,ZIZAUR,9,1
ER,RP,1,ERRP1,4,ERRP1-4,ASCTUB,3,1
ER,RP,1,ERRP1,4,ERRP1-4,DAUCAR,2,1
ER,RP,1,ERRP1,4,ERRP1-4,ELYREP,1,1
ER,RP,1,ERRP1,4,ERRP1-4,LACSER,1,1
ER,RP,1,ERRP1,4,ERRP1-4,LITTER,2,1
ER,RP,1,ERRP1,4,ERRP1-4,MONFIS,2,1
ER,RP,1,ERRP1,4,ERRP1-4,PANVIR,35,1
ER,RP,1,ERRP1,4,ERRP1-4,POAPRA,5,1
ER,RP,1,ERRP1,4,ERRP1-4,POTREC,1,1
ER,RP,1,ERRP1,4,ERRP1-4,RUDTRI,3,1
ER,RP,1,ERRP1,4,ERRP1-4,SOLCAN,35,1
ER,RP,1,ERRP1,4,ERRP1-4,SYMLAT,6,1
ER,RP,1,ERRP1,4,ERRP1-4,TAROFF,2,1
ER,RP,1,ERRP1,4,ERRP1-4,TRIPRA,2,1
ER,RP,1,ERRP1,5,ERRP1-5,BARESOIL,3,1
ER,RP,1,ERRP1,5,ERRP1-5,CIRARV,36,1
ER,RP,1,ERRP1,5,ERRP1-5,DAUCAR,4,1
ER,RP,1,ERRP1,5,ERRP1-5,ELYREP,10,1
ER,RP,1,ERRP1,5,ERRP1-5,HELHEL,3,1
ER,RP,1,ERRP1,5,ERRP1-5,LITTER,9,1
ER,RP,1,ERRP1,5,ERRP1-5,MEDSAT,5,1
ER,RP,1,ERRP1,5,ERRP1-5,MONFIS,1,1
ER,RP,1,ERRP1,5,ERRP1-5,PANVIR,14,1
ER,RP,1,ERRP1,5,ERRP1-5,POAPRA,2,1
ER,RP,1,ERRP1,5,ERRP1-5,SOLCAN,4,1
ER,RP,1,ERRP1,5,ERRP1-5,SYMLAT,4,1
ER,RP,1,ERRP1,5,ERRP1-5,TAROFF,4,1
ER,RP,1,ERRP1,5,ERRP1-5,TRIPRA,1,1
ER,RP,1,ERRP1,6,ERRP1-6,CIRARV,1,1
ER,RP,1,ERRP1,6,ERRP1-6,DAUCAR,45,1
ER,RP,1,ERRP1,6,ERRP1-6,ECHPUR,8,1
ER,RP,1,ERRP1,6,ERRP1-6,LITTER,3,1
ER,RP,1,ERRP1,6,ERRP1-6,MONFIS,1,1
ER,RP,1,ERRP1,6,ERRP1-6,POAPRA,7,1
ER,RP,1,ERRP1,6,ERRP1-6,RUDSUB,5,1
ER,RP,1,ERRP1,6,ERRP1-6,RUDTRI,13,1
ER,RP,1,ERRP1,6,ERRP1-6,SOLCAN,1,1
ER,RP,1,ERRP1,6,ERRP1-6,SYMLAT,9,1
ER,RP,1,ERRP1,6,ERRP1-6,TAROFF,2,1
ER,RP,1,ERRP1,6,ERRP1-6,ZIZAUR,5,1
ER,RP,1,ERRP1,7,ERRP1-7,BROINE,5,1
ER,RP,1,ERRP1,7,ERRP1-7,CERARV,1,1
ER,RP,1,ERRP1,7,ERRP1-7,DAUCAR,1,1
ER,RP,1,ERRP1,7,ERRP1-7,ECHPUR,2,1
ER,RP,1,ERRP1,7,ERRP1-7,LITTER,3,1
ER,RP,1,ERRP1,7,ERRP1-7,MONFIS,2,1
ER,RP,1,ERRP1,7,ERRP1-7,PLALAN,1,1
ER,RP,1,ERRP1,7,ERRP1-7,POAPRA,62,1
ER,RP,1,ERRP1,7,ERRP1-7,RATPIN,1,1
ER,RP,1,ERRP1,7,ERRP1-7,SYMLAT,18,1
ER,RP,1,ERRP1,7,ERRP1-7,TAROFF,3,1
ER,RP,1,ERRP1,7,ERRP1-7,TRIPRA,1,1
ER,RP,1,ERRP1,8,ERRP1-8,CIRARV,2,1
ER,RP,1,ERRP1,8,ERRP1-8,DAUCAR,2,1
ER,RP,1,ERRP1,8,ERRP1-8,GEUALE,2,1
ER,RP,1,ERRP1,8,ERRP1-8,LITTER,1,1
ER,RP,1,ERRP1,8,ERRP1-8,MEDSAT,9,1
ER,RP,1,ERRP1,8,ERRP1-8,OENBIE,2,1
ER,RP,1,ERRP1,8,ERRP1-8,PANVIR,11,1
ER,RP,1,ERRP1,8,ERRP1-8,POAPRA,20,1
ER,RP,1,ERRP1,8,ERRP1-8,RUDSUB,12,1
ER,RP,1,ERRP1,8,ERRP1-8,RUDTRI,22,1
ER,RP,1,ERRP1,8,ERRP1-8,SOLCAN,14,1
ER,RP,1,ERRP1,8,ERRP1-8,TAROFF,2,1
ER,RP,1,ERRP1,8,ERRP1-8,VERHAS,1,1
ER,RP,1,ERRP1,9,ERRP1-9,AGEALT,4,1
ER,RP,1,ERRP1,9,ERRP1-9,BARESOIL,1,1
ER,RP,1,ERRP1,9,ERRP1-9,CIRARV,23,1
ER,RP,1,ERRP1,9,ERRP1-9,DAUCAR,2,1
ER,RP,1,ERRP1,9,ERRP1-9,ELYREP,8,1
ER,RP,1,ERRP1,9,ERRP1-9,HELHEL,2,1
ER,RP,1,ERRP1,9,ERRP1-9,LITTER,4,1
ER,RP,1,ERRP1,9,ERRP1-9,MEDSAT,2,1
ER,RP,1,ERRP1,9,ERRP1-9,OXASTR,3,1
ER,RP,1,ERRP1,9,ERRP1-9,PANVIR,3,1
ER,RP,1,ERRP1,9,ERRP1-9,POAPRA,2,1
ER,RP,1,ERRP1,9,ERRP1-9,RUMCRI,1,1
ER,RP,1,ERRP1,9,ERRP1-9,SOLCAN,14,1
ER,RP,1,ERRP1,9,ERRP1-9,SYMLAT,10,1
ER,RP,1,ERRP1,9,ERRP1-9,TAROFF,1,1
ER,RP,1,ERRP1,9,ERRP1-9,TRIPRA,10,1
ER,RP,1,ERRP1,9,ERRP1-9,VERURT,10,1
ER,RP,1,ERRP1,10,ERRP1-10,CIRARV,12,1
ER,RP,1,ERRP1,10,ERRP1-10,ECHPUR,3,1
ER,RP,1,ERRP1,10,ERRP1-10,GLEHED,48,1
ER,RP,1,ERRP1,10,ERRP1-10,HELHEL,8,1
ER,RP,1,ERRP1,10,ERRP1-10,LITTER,4,1
ER,RP,1,ERRP1,10,ERRP1-10,MEDSAT,4,1
ER,RP,1,ERRP1,10,ERRP1-10,PANVIR,7,1
ER,RP,1,ERRP1,10,ERRP1-10,RUDSUB,4,1
ER,RP,1,ERRP1,10,ERRP1-10,SILPER,5,1
ER,RP,1,ERRP1,10,ERRP1-10,SYMLAT,4,1
ER,RP,1,ERRP1,10,ERRP1-10,TAROFF,1,1
FG,RP,1,FGRP1,1,FGRP1-1,ANDGER,5,1
FG,RP,1,FGRP1,1,FGRP1-1,BARESOIL,4,1
FG,RP,1,FGRP1,1,FGRP1-1,CAREX1,1,1
FG,RP,1,FGRP1,1,FGRP1-1,HELHIR,13,1
FG,RP,1,FGRP1,1,FGRP1-1,LITTER,1,1
FG,RP,1,FGRP1,1,FGRP1-1,SOLGIG,11,1
FG,RP,1,FGRP1,1,FGRP1-1,SORNUT,4,1
FG,RP,1,FGRP1,1,FGRP1-1,SPAPEC,40,1
FG,RP,1,FGRP1,1,FGRP1-1,SYMPUN,2,1
FG,RP,1,FGRP1,1,FGRP1-1,SYMSER,8,1
FG,RP,1,FGRP1,1,FGRP1-1,TRIHYB,8,1
FG,RP,1,FGRP1,1,FGRP1-1,VERVIR,3,1
FG,RP,1,FGRP1,2,FGRP1-2,BARESOIL,10,1
FG,RP,1,FGRP1,2,FGRP1-2,DALPUR,7,1
FG,RP,1,FGRP1,2,FGRP1-2,DESILL,31,1
FG,RP,1,FGRP1,2,FGRP1-2,ERYYUC,14,1
FG,RP,1,FGRP1,2,FGRP1-2,LITTER,3,1
FG,RP,1,FGRP1,2,FGRP1-2,MONFIS,4,1
FG,RP,1,FGRP1,2,FGRP1-2,RATPIN,2,1
FG,RP,1,FGRP1,2,FGRP1-2,SILLAC,5,1
FG,RP,1,FGRP1,2,FGRP1-2,SILTER,5,1
FG,RP,1,FGRP1,2,FGRP1-2,SOLGIG,2,1
FG,RP,1,FGRP1,2,FGRP1-2,SOLRIG,12,1
FG,RP,1,FGRP1,2,FGRP1-2,SORNUT,2,1
FG,RP,1,FGRP1,2,FGRP1-2,SYMERI,2,1
FG,RP,1,FGRP1,2,FGRP1-2,TRIHYB,1,1
FG,RP,1,FGRP1,3,FGRP1-3,BARESOIL,2,1
FG,RP,1,FGRP1,3,FGRP1-3,DESILL,21,1
FG,RP,1,FGRP1,3,FGRP1-3,ELYVIR,3,1
FG,RP,1,FGRP1,3,FGRP1-3,ERYYUC,3,1
FG,RP,1,FGRP1,3,FGRP1-3,LITTER,1,1
FG,RP,1,FGRP1,3,FGRP1-3,MONFIS,4,1
FG,RP,1,FGRP1,3,FGRP1-3,PENDIG,4,1
FG,RP,1,FGRP1,3,FGRP1-3,PYCVIR,5,1
FG,RP,1,FGRP1,3,FGRP1-3,RATPIN,5,1
FG,RP,1,FGRP1,3,FGRP1-3,SILINT,4,1
FG,RP,1,FGRP1,3,FGRP1-3,SILTER,24,1
FG,RP,1,FGRP1,3,FGRP1-3,SOLNEM,1,1
FG,RP,1,FGRP1,3,FGRP1-3,SOLRIG,6,1
FG,RP,1,FGRP1,3,FGRP1-3,SORNUT,17,1
FG,RP,1,FGRP1,4,FGRP1-4,AMBART,1,1
FG,RP,1,FGRP1,4,FGRP1-4,APOCAN,3,1
FG,RP,1,FGRP1,4,FGRP1-4,BARESOIL,2,1
FG,RP,1,FGRP1,4,FGRP1-4,DESILL,40,1
FG,RP,1,FGRP1,4,FGRP1-4,ELYREP,3,1
FG,RP,1,FGRP1,4,FGRP1-4,ERYYUC,9,1
FG,RP,1,FGRP1,4,FGRP1-4,LITTER,1,1
FG,RP,1,FGRP1,4,FGRP1-4,MELALB,1,1
FG,RP,1,FGRP1,4,FGRP1-4,MONFIS,1,1
FG,RP,1,FGRP1,4,FGRP1-4,SILTER,10,1
FG,RP,1,FGRP1,4,FGRP1-4,SOLGIG,11,1
FG,RP,1,FGRP1,4,FGRP1-4,SOLRIG,8,1
FG,RP,1,FGRP1,4,FGRP1-4,SORNUT,9,1
FG,RP,1,FGRP1,4,FGRP1-4,TAROFF,1,1
FG,RP,1,FGRP1,5,FGRP1-5,ASTCAN,5,1
FG,RP,1,FGRP1,5,FGRP1-5,BARESOIL,2,1
FG,RP,1,FGRP1,5,FGRP1-5,BROINE,6,1
FG,RP,1,FGRP1,5,FGRP1-5,FESTUCA,23,1
FG,RP,1,FGRP1,5,FGRP1-5,HELGIG,17,1
FG,RP,1,FGRP1,5,FGRP1-5,LITTER,2,1
FG,RP,1,FGRP1,5,FGRP1-5,MEDLUP,3,1
FG,RP,1,FGRP1,5,FGRP1-5,RATPIN,13,1
FG,RP,1,FGRP1,5,FGRP1-5,SOLCAN,22,1
FG,RP,1,FGRP1,5,FGRP1-5,SYMLAT,3,1
FG,RP,1,FGRP1,5,FGRP1-5,TAROFF,1,1
FG,RP,1,FGRP1,5,FGRP1-5,TRIHYB,2,1
FG,RP,1,FGRP1,5,FGRP1-5,VIOSOR,1,1
FG,RP,1,FGRP1,6,FGRP1-6,BARESOIL,5,1
FG,RP,1,FGRP1,6,FGRP1-6,BROINE,1,1
FG,RP,1,FGRP1,6,FGRP1-6,ERYYUC,8,1
FG,RP,1,FGRP1,6,FGRP1-6,FESTUCA,2,1
FG,RP,1,FGRP1,6,FGRP1-6,HELGIG,1,1
FG,RP,1,FGRP1,6,FGRP1-6,LITTER,5,1
FG,RP,1,FGRP1,6,FGRP1-6,MEDLUP,1,1
FG,RP,1,FGRP1,6,FGRP1-6,PHAARU,4,1
FG,RP,1,FGRP1,6,FGRP1-6,RATPIN,3,1
FG,RP,1,FGRP1,6,FGRP1-6,SILTER,8,1
FG,RP,1,FGRP1,6,FGRP1-6,SOLCAN,4,1
FG,RP,1,FGRP1,6,FGRP1-6,SOLRIG,35,1
FG,RP,1,FGRP1,6,FGRP1-6,SORNUT,14,1
FG,RP,1,FGRP1,6,FGRP1-6,SYMERI,7,1
FG,RP,1,FGRP1,6,FGRP1-6,TRIHYB,2,1
FG,RP,1,FGRP1,7,FGRP1-7,BARESOIL,9,1
FG,RP,1,FGRP1,7,FGRP1-7,CALCAN,8,1
FG,RP,1,FGRP1,7,FGRP1-7,DALPUR,13,1
FG,RP,1,FGRP1,7,FGRP1-7,DESILL,1,1
FG,RP,1,FGRP1,7,FGRP1-7,ERYYUC,28,1
FG,RP,1,FGRP1,7,FGRP1-7,HELGIG,3,1
FG,RP,1,FGRP1,7,FGRP1-7,LITTER,1,1
FG,RP,1,FGRP1,7,FGRP1-7,MEDLUP,1,1
FG,RP,1,FGRP1,7,FGRP1-7,PENDIG,11,1
FG,RP,1,FGRP1,7,FGRP1-7,RATPIN,6,1
FG,RP,1,FGRP1,7,FGRP1-7,SOLGIG,2,1
FG,RP,1,FGRP1,7,FGRP1-7,SOLRIG,2,1
FG,RP,1,FGRP1,7,FGRP1-7,SORNUT,1,1
FG,RP,1,FGRP1,7,FGRP1-7,TRIHYB,1,1
FG,RP,1,FGRP1,7,FGRP1-7,VERVIR,13,1
FG,RP,1,FGRP1,8,FGRP1-8,BARESOIL,12,1
FG,RP,1,FGRP1,8,FGRP1-8,CALCAN,1,1
FG,RP,1,FGRP1,8,FGRP1-8,CARBLA,1,1
FG,RP,1,FGRP1,8,FGRP1-8,ELYVIR,2,1
FG,RP,1,FGRP1,8,FGRP1-8,ERYYUC,3,1
FG,RP,1,FGRP1,8,FGRP1-8,FRAVIR,1,1
FG,RP,1,FGRP1,8,FGRP1-8,GEUALE,1,1
FG,RP,1,FGRP1,8,FGRP1-8,HELGIG,3,1
FG,RP,1,FGRP1,8,FGRP1-8,LITTER,4,1
FG,RP,1,FGRP1,8,FGRP1-8,PHAARU,2,1
FG,RP,1,FGRP1,8,FGRP1-8,POAPRA,2,1
FG,RP,1,FGRP1,8,FGRP1-8,RATPIN,5,1
FG,RP,1,FGRP1,8,FGRP1-8,SOLCAN,5,1
FG,RP,1,FGRP1,8,FGRP1-8,SOLGIG,48,1
FG,RP,1,FGRP1,8,FGRP1-8,SYMPUN,4,1
FG,RP,1,FGRP1,8,FGRP1-8,TAROFF,1,1
FG,RP,1,FGRP1,8,FGRP1-8,TRIHYB,2,1
FG,RP,1,FGRP1,8,FGRP1-8,VERHAS,1,1
FG,RP,1,FGRP1,8,FGRP1-8,VIOSOR,2,1
FG,RP,1,FGRP1,9,FGRP1-9,BARESOIL,3,1
FG,RP,1,FGRP1,9,FGRP1-9,CAREX1,2,1
FG,RP,1,FGRP1,9,FGRP1-9,HELGIG,1,1
FG,RP,1,FGRP1,9,FGRP1-9,LITTER,4,1
FG,RP,1,FGRP1,9,FGRP1-9,MEDLUP,1,1
FG,RP,1,FGRP1,9,FGRP1-9,POAPRA,2,1
FG,RP,1,FGRP1,9,FGRP1-9,RATPIN,3,1
FG,RP,1,FGRP1,9,FGRP1-9,ROSA,2,1
FG,RP,1,FGRP1,9,FGRP1-9,SILLAC,1,1
FG,RP,1,FGRP1,9,FGRP1-9,SOLCAN,1,1
FG,RP,1,FGRP1,9,FGRP1-9,SOLRID,1,1
FG,RP,1,FGRP1,9,FGRP1-9,SOLRIG,4,1
FG,RP,1,FGRP1,9,FGRP1-9,SORNUT,73,1
FG,RP,1,FGRP1,9,FGRP1-9,SYMERI,1,1
FG,RP,1,FGRP1,9,FGRP1-9,VIOSOR,1,1
FG,RP,1,FGRP1,10,FGRP1-10,BARESOIL,2,1
FG,RP,1,FGRP1,10,FGRP1-10,CALCAN,3,1
FG,RP,1,FGRP1,10,FGRP1-10,FESTUCA,30,1
FG,RP,1,FGRP1,10,FGRP1-10,HELGIG,23,1
FG,RP,1,FGRP1,10,FGRP1-10,LITTER,3,1
FG,RP,1,FGRP1,10,FGRP1-10,MEDLUP,2,1
FG,RP,1,FGRP1,10,FGRP1-10,RATPIN,3,1
FG,RP,1,FGRP1,10,FGRP1-10,SILTER,11,1
FG,RP,1,FGRP1,10,FGRP1-10,SOLCAN,5,1
FG,RP,1,FGRP1,10,FGRP1-10,SOLRID,9,1
FG,RP,1,FGRP1,10,FGRP1-10,SYMCOR,4,1
FG,RP,1,FGRP1,10,FGRP1-10,SYMLAT,2,1
FG,RP,1,FGRP1,10,FGRP1-10,TAROFF,2,1
FG,RP,1,FGRP1,10,FGRP1-10,TRIHYB,1,1
FL,RP,1,FLRP1,NA,FLRP1-NA,ALLCAN,NA,1
FL,RP,4,FLRP4,NA,FLRP4-NA,ALLCAN,NA,1
FL,RP,1,FLRP1,NA,FLRP1-NA,ALLCER,NA,1
FL,RP,4,FLRP4,NA,FLRP4-NA,ALLCER,NA,1
FL,RP,5,FLRP5,NA,FLRP5-NA,ALLCER,NA,1
FL,RP,1,FLRP1,NA,FLRP1-NA,AMOCAN,NA,1
FL,RP,4,FLRP4,NA,FLRP4-NA,AMOCAN,NA,1
FL,RP,1,FLRP1,NA,FLRP1-NA,ANDGER,NA,1
FL,RP,4,FLRP4,NA,FLRP4-NA,ANDGER,NA,1
FL,RP,5,FLRP5,NA,FLRP5-NA,ANDGER,NA,1
FL,RP,1,FLRP1,NA,FLRP1-NA,ANECAN,NA,1
FL,RP,4,FLRP4,NA,FLRP4-NA,ANECAN,NA,1
FL,RP,5,FLRP5,NA,FLRP5-NA,ANECAN,NA,1
FL,RP,1,FLRP1,NA,FLRP1-NA,ANECYL,NA,1
FL,RP,4,FLRP4,NA,FLRP4-NA,ANECYL,NA,1
FL,RP,1,FLRP1,NA,FLRP1-NA,APOSIB,NA,1
FL,RP,4,FLRP4,NA,FLRP4-NA,APOSIB,NA,1
FL,RP,5,FLRP5,NA,FLRP5-NA,APOSIB,NA,1
FL,RP,4,FLRP4,NA,FLRP4-NA,ARNATR,NA,1
FL,RP,1,FLRP1,NA,FLRP1-NA,ASCINC,NA,1
FL,RP,4,FLRP4,NA,FLRP4-NA,ASCINC,NA,1
FL,RP,5,FLRP5,NA,FLRP5-NA,ASCINC,NA,1
FL,RP,1,FLRP1,NA,FLRP1-NA,ASCSUL,NA,1
FL,RP,4,FLRP4,NA,FLRP4-NA,ASCSUL,NA,1
FL,RP,1,FLRP1,NA,FLRP1-NA,ASCTUB,NA,1
FL,RP,1,FLRP1,NA,FLRP1-NA,ASCVER,NA,1
FL,RP,4,FLRP4,NA,FLRP4-NA,ASCVER,NA,1
FL,RP,5,FLRP5,NA,FLRP5-NA,ASCVER,NA,1
FL,RP,1,FLRP1,NA,FLRP1-NA,ASTERI,NA,1
FL,RP,4,FLRP4,NA,FLRP4-NA,ASTERI,NA,1
FL,RP,5,FLRP5,NA,FLRP5-NA,ASTERI,NA,1
FL,RP,1,FLRP1,NA,FLRP1-NA,ASTLAE,NA,1
FL,RP,4,FLRP4,NA,FLRP4-NA,ASTLAE,NA,1
FL,RP,1,FLRP1,NA,FLRP1-NA,ASTNOV,NA,1
FL,RP,4,FLRP4,NA,FLRP4-NA,ASTNOV,NA,1
FL,RP,5,FLRP5,NA,FLRP5-NA,ASTNOV,NA,1
FL,RP,4,FLRP4,NA,FLRP4-NA,ASTSAG,NA,1
FL,RP,1,FLRP1,NA,FLRP1-NA,ASTUMB,NA,1
FL,RP,1,FLRP1,NA,FLRP1-NA,BAPLAC,NA,1
FL,RP,4,FLRP4,NA,FLRP4-NA,BAPLAC,NA,1
FL,RP,5,FLRP5,NA,FLRP5-NA,BAPLAC,NA,1
FL,RP,1,FLRP1,NA,FLRP1-NA,BAPLEU,NA,1
FL,RP,4,FLRP4,NA,FLRP4-NA,BAPLEU,NA,1
FL,RP,4,FLRP4,NA,FLRP4-NA,BIDPOL,NA,1
FL,RP,1,FLRP1,NA,FLRP1-NA,BROKAL,NA,1
FL,RP,4,FLRP4,NA,FLRP4-NA,BROKAL,NA,1
FL,RP,4,FLRP4,NA,FLRP4-NA,CALCAN,NA,1
FL,RP,5,FLRP5,NA,FLRP5-NA,CALCAN,NA,1
FL,RP,4,FLRP4,NA,FLRP4-NA,CALSEP,NA,1
FL,RP,1,FLRP1,NA,FLRP1-NA,CAMSCI,NA,1
FL,RP,1,FLRP1,NA,FLRP1-NA,CARBIC,NA,1
FL,RP,4,FLRP4,NA,FLRP4-NA,CARBIC,NA,1
FL,RP,5,FLRP5,NA,FLRP5-NA,CARBIC,NA,1
FL,RP,1,FLRP1,NA,FLRP1-NA,CARBRE,NA,1
FL,RP,4,FLRP4,NA,FLRP4-NA,CARBRE,NA,1
FL,RP,5,FLRP5,NA,FLRP5-NA,CARBRE,NA,1
FL,RP,1,FLRP1,NA,FLRP1-NA,CARCOM,NA,1
FL,RP,4,FLRP4,NA,FLRP4-NA,CARCRI,NA,1
FL,RP,5,FLRP5,NA,FLRP5-NA,CARCRI,NA,1
FL,RP,5,FLRP5,NA,FLRP5-NA,CARSCO,NA,1
FL,RP,1,FLRP1,NA,FLRP1-NA,CARTET,NA,1
FL,RP,1,FLRP1,NA,FLRP1-NA,CARVUL,NA,1
FL,RP,4,FLRP4,NA,FLRP4-NA,CARVUL,NA,1
FL,RP,1,FLRP1,NA,FLRP1-NA,CICMAC,NA,1
FL,RP,4,FLRP4,NA,FLRP4-NA,CICMAC,NA,1
FL,RP,1,FLRP1,NA,FLRP1-NA,CIRDIS,NA,1
FL,RP,4,FLRP4,NA,FLRP4-NA,CIRDIS,NA,1
FL,RP,5,FLRP5,NA,FLRP5-NA,CIRDIS,NA,1
FL,RP,1,FLRP1,NA,FLRP1-NA,COMUMB,NA,1
FL,RP,4,FLRP4,NA,FLRP4-NA,COMUMB,NA,1
FL,RP,1,FLRP1,NA,FLRP1-NA,CORPAL,NA,1
FL,RP,4,FLRP4,NA,FLRP4-NA,CORPAL,NA,1
FL,RP,5,FLRP5,NA,FLRP5-NA,CORPAL,NA,1
FL,RP,1,FLRP1,NA,FLRP1-NA,CORTRI,NA,1
FL,RP,4,FLRP4,NA,FLRP4-NA,CORTRI,NA,1
FL,RP,5,FLRP5,NA,FLRP5-NA,CORTRI,NA,1
FL,RP,4,FLRP4,NA,FLRP4-NA,CUSSPP,NA,1
FL,RP,5,FLRP5,NA,FLRP5-NA,CUSSPP,NA,1
FL,RP,1,FLRP1,NA,FLRP1-NA,CYPCAN,NA,1
FL,RP,5,FLRP5,NA,FLRP5-NA,CYPCAN,NA,1
FL,RP,1,FLRP1,NA,FLRP1-NA,DALCAN,NA,1
FL,RP,4,FLRP4,NA,FLRP4-NA,DALCAN,NA,1
FL,RP,1,FLRP1,NA,FLRP1-NA,DALPUR,NA,1
FL,RP,4,FLRP4,NA,FLRP4-NA,DALPUR,NA,1
FL,RP,5,FLRP5,NA,FLRP5-NA,DALPUR,NA,1
FL,RP,1,FLRP1,NA,FLRP1-NA,DESCAN,NA,1
FL,RP,4,FLRP4,NA,FLRP4-NA,DESCAN,NA,1
FL,RP,5,FLRP5,NA,FLRP5-NA,DESCAN,NA,1
FL,RP,4,FLRP4,NA,FLRP4-NA,DESILL,NA,1
FL,RP,1,FLRP1,NA,FLRP1-NA,DICLEI,NA,1
FL,RP,4,FLRP4,NA,FLRP4-NA,DICLEI,NA,1
FL,RP,1,FLRP1,NA,FLRP1-NA,DODMEA,NA,1
FL,RP,4,FLRP4,NA,FLRP4-NA,DODMEA,NA,1
FL,RP,1,FLRP1,NA,FLRP1-NA,ECHPAL,NA,1
FL,RP,4,FLRP4,NA,FLRP4-NA,ECHPAL,NA,1
FL,RP,5,FLRP5,NA,FLRP5-NA,ECHPAL,NA,1
FL,RP,1,FLRP1,NA,FLRP1-NA,ELYCAN,NA,1
FL,RP,4,FLRP4,NA,FLRP4-NA,ELYCAN,NA,1
FL,RP,5,FLRP5,NA,FLRP5-NA,ELYCAN,NA,1
FL,RP,1,FLRP1,NA,FLRP1-NA,EQUARV,NA,1
FL,RP,4,FLRP4,NA,FLRP4-NA,EQUARV,NA,1
FL,RP,1,FLRP1,NA,FLRP1-NA,EQUHYE,NA,1
FL,RP,4,FLRP4,NA,FLRP4-NA,EQUHYE,NA,1
FL,RP,1,FLRP1,NA,FLRP1-NA,EREHIE,NA,1
FL,RP,1,FLRP1,NA,FLRP1-NA,ERIPHI,NA,1
FL,RP,4,FLRP4,NA,FLRP4-NA,ERIPHI,NA,1
FL,RP,5,FLRP5,NA,FLRP5-NA,ERIPHI,NA,1
FL,RP,1,FLRP1,NA,FLRP1-NA,ERISTR,NA,1
FL,RP,4,FLRP4,NA,FLRP4-NA,ERISTR,NA,1
FL,RP,5,FLRP5,NA,FLRP5-NA,ERISTR,NA,1
FL,RP,1,FLRP1,NA,FLRP1-NA,ERYYUC,NA,1
FL,RP,4,FLRP4,NA,FLRP4-NA,ERYYUC,NA,1
FL,RP,5,FLRP5,NA,FLRP5-NA,ERYYUC,NA,1
FL,RP,1,FLRP1,NA,FLRP1-NA,EUPCOR,NA,1
FL,RP,4,FLRP4,NA,FLRP4-NA,EUPMAC,NA,1
FL,RP,1,FLRP1,NA,FLRP1-NA,EUPPER,NA,1
FL,RP,4,FLRP4,NA,FLRP4-NA,EUPPER,NA,1
FL,RP,1,FLRP1,NA,FLRP1-NA,EUPSER,NA,1
FL,RP,4,FLRP4,NA,FLRP4-NA,EUPSER,NA,1
FL,RP,5,FLRP5,NA,FLRP5-NA,EUPSER,NA,1
FL,RP,4,FLRP4,NA,FLRP4-NA,EUTGRA,NA,1
FL,RP,5,FLRP5,NA,FLRP5-NA,EUTGRA,NA,1
FL,RP,1,FLRP1,NA,FLRP1-NA,EUTGYM,NA,1
FL,RP,4,FLRP4,NA,FLRP4-NA,EUTGYM,NA,1
FL,RP,1,FLRP1,NA,FLRP1-NA,FRAVIR,NA,1
FL,RP,1,FLRP1,NA,FLRP1-NA,GALBOR,NA,1
FL,RP,4,FLRP4,NA,FLRP4-NA,GALBOR,NA,1
FL,RP,1,FLRP1,NA,FLRP1-NA,GALOBT,NA,1
FL,RP,1,FLRP1,NA,FLRP1-NA,GAUBIE,NA,1
FL,RP,1,FLRP1,NA,FLRP1-NA,GENALB,NA,1
FL,RP,4,FLRP4,NA,FLRP4-NA,GENALB,NA,1
FL,RP,5,FLRP5,NA,FLRP5-NA,GENALB,NA,1
FL,RP,1,FLRP1,NA,FLRP1-NA,GENAND,NA,1
FL,RP,4,FLRP4,NA,FLRP4-NA,GENAND,NA,1
FL,RP,4,FLRP4,NA,FLRP4-NA,GENCRI,NA,1
FL,RP,1,FLRP1,NA,FLRP1-NA,GENPUB,NA,1
FL,RP,4,FLRP4,NA,FLRP4-NA,GENQUI,NA,1
FL,RP,4,FLRP4,NA,FLRP4-NA,GEULAC,NA,1
FL,RP,1,FLRP1,NA,FLRP1-NA,HELAUT,NA,1
FL,RP,4,FLRP4,NA,FLRP4-NA,HELAUT,NA,1
FL,RP,1,FLRP1,NA,FLRP1-NA,HELGRO,NA,1
FL,RP,4,FLRP4,NA,FLRP4-NA,HELGRO,NA,1
FL,RP,5,FLRP5,NA,FLRP5-NA,HELGRO,NA,1
FL,RP,1,FLRP1,NA,FLRP1-NA,HELHEL,NA,1
FL,RP,4,FLRP4,NA,FLRP4-NA,HELHEL,NA,1
FL,RP,5,FLRP5,NA,FLRP5-NA,HELHEL,NA,1
FL,RP,1,FLRP1,NA,FLRP1-NA,HELMOL,NA,1
FL,RP,4,FLRP4,NA,FLRP4-NA,HELMOL,NA,1
FL,RP,5,FLRP5,NA,FLRP5-NA,HELMOL,NA,1
FL,RP,1,FLRP1,NA,FLRP1-NA,HELPAU,NA,1
FL,RP,4,FLRP4,NA,FLRP4-NA,HELPAU,NA,1
FL,RP,1,FLRP1,NA,FLRP1-NA,HEURIC,NA,1
FL,RP,4,FLRP4,NA,FLRP4-NA,HEURIC,NA,1
FL,RP,1,FLRP1,NA,FLRP1-NA,HYPHIR,NA,1
FL,RP,4,FLRP4,NA,FLRP4-NA,JUNDUD,NA,1
FL,RP,4,FLRP4,NA,FLRP4-NA,JUNTOR,NA,1
FL,RP,1,FLRP1,NA,FLRP1-NA,LACCAN,NA,1
FL,RP,4,FLRP4,NA,FLRP4-NA,LACCAN,NA,1
FL,RP,1,FLRP1,NA,FLRP1-NA,LESCAP,NA,1
FL,RP,4,FLRP4,NA,FLRP4-NA,LESCAP,NA,1
FL,RP,5,FLRP5,NA,FLRP5-NA,LESCAP,NA,1
FL,RP,1,FLRP1,NA,FLRP1-NA,LIAASP,NA,1
FL,RP,4,FLRP4,NA,FLRP4-NA,LIAASP,NA,1
FL,RP,1,FLRP1,NA,FLRP1-NA,LIAPYC,NA,1
FL,RP,4,FLRP4,NA,FLRP4-NA,LIAPYC,NA,1
FL,RP,1,FLRP1,NA,FLRP1-NA,LIASPI,NA,1
FL,RP,4,FLRP4,NA,FLRP4-NA,LIASPI,NA,1
FL,RP,5,FLRP5,NA,FLRP5-NA,LIASPI,NA,1
FL,RP,4,FLRP4,NA,FLRP4-NA,LILMIC,NA,1
FL,RP,4,FLRP4,NA,FLRP4-NA,LILPHI,NA,1
FL,RP,1,FLRP1,NA,FLRP1-NA,LITCAN,NA,1
FL,RP,4,FLRP4,NA,FLRP4-NA,LITCAN,NA,1
FL,RP,4,FLRP4,NA,FLRP4-NA,LOBSIP,NA,1
FL,RP,1,FLRP1,NA,FLRP1-NA,LOBSPI,NA,1
FL,RP,4,FLRP4,NA,FLRP4-NA,LOBSPI,NA,1
FL,RP,1,FLRP1,NA,FLRP1-NA,LYCAME,NA,1
FL,RP,4,FLRP4,NA,FLRP4-NA,LYSQUA,NA,1
FL,RP,4,FLRP4,NA,FLRP4-NA,LYTALA,NA,1
FL,RP,1,FLRP1,NA,FLRP1-NA,MAISTE,NA,1
FL,RP,4,FLRP4,NA,FLRP4-NA,MAISTE,NA,1
FL,RP,1,FLRP1,NA,FLRP1-NA,MONFIS,NA,1
FL,RP,4,FLRP4,NA,FLRP4-NA,MONFIS,NA,1
FL,RP,5,FLRP5,NA,FLRP5-NA,MONFIS,NA,1
FL,RP,4,FLRP4,NA,FLRP4-NA,OENPIL,NA,1
FL,RP,1,FLRP1,NA,FLRP1-NA,OXAVIO,NA,1
FL,RP,1,FLRP1,NA,FLRP1-NA,OXYRIG,NA,1
FL,RP,4,FLRP4,NA,FLRP4-NA,OXYRIG,NA,1
FL,RP,1,FLRP1,NA,FLRP1-NA,PANVIR,NA,1
FL,RP,4,FLRP4,NA,FLRP4-NA,PANVIR,NA,1
FL,RP,5,FLRP5,NA,FLRP5-NA,PANVIR,NA,1
FL,RP,1,FLRP1,NA,FLRP1-NA,PARINT,NA,1
FL,RP,4,FLRP4,NA,FLRP4-NA,PARINT,NA,1
FL,RP,5,FLRP5,NA,FLRP5-NA,PARINT,NA,1
FL,RP,1,FLRP1,NA,FLRP1-NA,PEDCAN,NA,1
FL,RP,4,FLRP4,NA,FLRP4-NA,PEDCAN,NA,1
FL,RP,4,FLRP4,NA,FLRP4-NA,PEDLAN,NA,1
FL,RP,4,FLRP4,NA,FLRP4-NA,PENCAL,NA,1
FL,RP,1,FLRP1,NA,FLRP1-NA,PENDIG,NA,1
FL,RP,4,FLRP4,NA,FLRP4-NA,PENDIG,NA,1
FL,RP,5,FLRP5,NA,FLRP5-NA,PENDIG,NA,1
FL,RP,4,FLRP4,NA,FLRP4-NA,PERAMP,NA,1
FL,RP,1,FLRP1,NA,FLRP1-NA,PHLGLA,NA,1
FL,RP,4,FLRP4,NA,FLRP4-NA,PHLGLA,NA,1
FL,RP,5,FLRP5,NA,FLRP5-NA,PHLGLA,NA,1
FL,RP,1,FLRP1,NA,FLRP1-NA,PHLPIL,NA,1
FL,RP,4,FLRP4,NA,FLRP4-NA,PHYPAR,NA,1
FL,RP,1,FLRP1,NA,FLRP1-NA,PHYVIR,NA,1
FL,RP,4,FLRP4,NA,FLRP4-NA,PHYVIR,NA,1
FL,RP,5,FLRP5,NA,FLRP5-NA,PHYVIR,NA,1
FL,RP,1,FLRP1,NA,FLRP1-NA,POLNUT,NA,1
FL,RP,4,FLRP4,NA,FLRP4-NA,POLNUT,NA,1
FL,RP,1,FLRP1,NA,FLRP1-NA,POLSEN,NA,1
FL,RP,4,FLRP4,NA,FLRP4-NA,POLSEN,NA,1
FL,RP,1,FLRP1,NA,FLRP1-NA,POTARG,NA,1
FL,RP,4,FLRP4,NA,FLRP4-NA,POTARG,NA,1
FL,RP,1,FLRP1,NA,FLRP1-NA,PRERAC,NA,1
FL,RP,4,FLRP4,NA,FLRP4-NA,PRUVUL,NA,1
FL,RP,1,FLRP1,NA,FLRP1-NA,PYCTEN,NA,1
FL,RP,5,FLRP5,NA,FLRP5-NA,PYCTEN,NA,1
FL,RP,1,FLRP1,NA,FLRP1-NA,PYCVIR,NA,1
FL,RP,4,FLRP4,NA,FLRP4-NA,PYCVIR,NA,1
FL,RP,5,FLRP5,NA,FLRP5-NA,PYCVIR,NA,1
FL,RP,1,FLRP1,NA,FLRP1-NA,RATPIN,NA,1
FL,RP,4,FLRP4,NA,FLRP4-NA,RATPIN,NA,1
FL,RP,5,FLRP5,NA,FLRP5-NA,RATPIN,NA,1
FL,RP,4,FLRP4,NA,FLRP4-NA,ROSARK,NA,1
FL,RP,4,FLRP4,NA,FLRP4-NA,ROSCAR,NA,1
FL,RP,5,FLRP5,NA,FLRP5-NA,ROSCAR,NA,1
FL,RP,1,FLRP1,NA,FLRP1-NA,RUDHIR,NA,1
FL,RP,4,FLRP4,NA,FLRP4-NA,RUDHIR,NA,1
FL,RP,5,FLRP5,NA,FLRP5-NA,RUDHIR,NA,1
FL,RP,1,FLRP1,NA,FLRP1-NA,RUDSUB,NA,1
FL,RP,4,FLRP4,NA,FLRP4-NA,RUDSUB,NA,1
FL,RP,5,FLRP5,NA,FLRP5-NA,RUDSUB,NA,1
FL,RP,1,FLRP1,NA,FLRP1-NA,SCHSCO,NA,1
FL,RP,4,FLRP4,NA,FLRP4-NA,SCHSCO,NA,1
FL,RP,5,FLRP5,NA,FLRP5-NA,SCHSCO,NA,1
FL,RP,4,FLRP4,NA,FLRP4-NA,SCIATR,NA,1
FL,RP,4,FLRP4,NA,FLRP4-NA,SCICYP,NA,1
FL,RP,1,FLRP1,NA,FLRP1-NA,SILINT,NA,1
FL,RP,4,FLRP4,NA,FLRP4-NA,SILINT,NA,1
FL,RP,5,FLRP5,NA,FLRP5-NA,SILINT,NA,1
FL,RP,1,FLRP1,NA,FLRP1-NA,SILLAC,NA,1
FL,RP,4,FLRP4,NA,FLRP4-NA,SILLAC,NA,1
FL,RP,5,FLRP5,NA,FLRP5-NA,SILLAC,NA,1
FL,RP,1,FLRP1,NA,FLRP1-NA,SILPER,NA,1
FL,RP,5,FLRP5,NA,FLRP5-NA,SILPER,NA,1
FL,RP,4,FLRP4,NA,FLRP4-NA,SILSTE,NA,1
FL,RP,1,FLRP1,NA,FLRP1-NA,SILTER,NA,1
FL,RP,4,FLRP4,NA,FLRP4-NA,SILTER,NA,1
FL,RP,5,FLRP5,NA,FLRP5-NA,SILTER,NA,1
FL,RP,1,FLRP1,NA,FLRP1-NA,SISALB,NA,1
FL,RP,4,FLRP4,NA,FLRP4-NA,SISALB,NA,1
FL,RP,5,FLRP5,NA,FLRP5-NA,SISALB,NA,1
FL,RP,1,FLRP1,NA,FLRP1-NA,SOLGIG,NA,1
FL,RP,4,FLRP4,NA,FLRP4-NA,SOLJUN,NA,1
FL,RP,5,FLRP5,NA,FLRP5-NA,SOLNEM,NA,1
FL,RP,5,FLRP5,NA,FLRP5-NA,SOLRID,NA,1
FL,RP,1,FLRP1,NA,FLRP1-NA,SOLRIG,NA,1
FL,RP,4,FLRP4,NA,FLRP4-NA,SOLRIG,NA,1
FL,RP,5,FLRP5,NA,FLRP5-NA,SOLRIG,NA,1
FL,RP,1,FLRP1,NA,FLRP1-NA,SORNUT,NA,1
FL,RP,4,FLRP4,NA,FLRP4-NA,SORNUT,NA,1
FL,RP,5,FLRP5,NA,FLRP5-NA,SORNUT,NA,1
FL,RP,1,FLRP1,NA,FLRP1-NA,SPAPEC,NA,1
FL,RP,4,FLRP4,NA,FLRP4-NA,SPAPEC,NA,1
FL,RP,5,FLRP5,NA,FLRP5-NA,SPAPEC,NA,1
FL,RP,5,FLRP5,NA,FLRP5-NA,SPHINT,NA,1
FL,RP,1,FLRP1,NA,FLRP1-NA,SPOHET,NA,1
FL,RP,4,FLRP4,NA,FLRP4-NA,SPOHET,NA,1
FL,RP,1,FLRP1,NA,FLRP1-NA,STAPAL,NA,1
FL,RP,4,FLRP4,NA,FLRP4-NA,STAPAL,NA,1
FL,RP,1,FLRP1,NA,FLRP1-NA,SYMLAN,NA,1
FL,RP,4,FLRP4,NA,FLRP4-NA,SYMLAN,NA,1
FL,RP,5,FLRP5,NA,FLRP5-NA,SYMLAN,NA,1
FL,RP,1,FLRP1,NA,FLRP1-NA,SYMOOL,NA,1
FL,RP,4,FLRP4,NA,FLRP4-NA,SYMOOL,NA,1
FL,RP,1,FLRP1,NA,FLRP1-NA,TEUCAN,NA,1
FL,RP,5,FLRP5,NA,FLRP5-NA,TEUCAN,NA,1
FL,RP,1,FLRP1,NA,FLRP1-NA,THADAS,NA,1
FL,RP,4,FLRP4,NA,FLRP4-NA,THADAS,NA,1
FL,RP,5,FLRP5,NA,FLRP5-NA,THADAS,NA,1
FL,RP,1,FLRP1,NA,FLRP1-NA,THAREV,NA,1
FL,RP,4,FLRP4,NA,FLRP4-NA,THAREV,NA,1
FL,RP,5,FLRP5,NA,FLRP5-NA,THAREV,NA,1
FL,RP,1,FLRP1,NA,FLRP1-NA,TRAOHI,NA,1
FL,RP,4,FLRP4,NA,FLRP4-NA,TRAOHI,NA,1
FL,RP,5,FLRP5,NA,FLRP5-NA,TRAOHI,NA,1
FL,RP,4,FLRP4,NA,FLRP4-NA,VERHAS,NA,1
FL,RP,1,FLRP1,NA,FLRP1-NA,VERVIR,NA,1
FL,RP,4,FLRP4,NA,FLRP4-NA,VERVIR,NA,1
FL,RP,5,FLRP5,NA,FLRP5-NA,VERVIR,NA,1
FL,RP,1,FLRP1,NA,FLRP1-NA,VIOPED,NA,1
FL,RP,1,FLRP1,NA,FLRP1-NA,VIOSOR,NA,1
FL,RP,1,FLRP1,NA,FLRP1-NA,ZIZAPT,NA,1
FL,RP,1,FLRP1,NA,FLRP1-NA,ZIZAUR,NA,1
FL,RP,4,FLRP4,NA,FLRP4-NA,ZIZAUR,NA,1
FL,RP,5,FLRP5,NA,FLRP5-NA,ZIZAUR,NA,1
KO,RP,1,KORP1,1,KORP1-1,ANDGER,50,1
KO,RP,1,KORP1,1,KORP1-1,LITTER,37,1
KO,RP,1,KORP1,1,KORP1-1,SOLRIG,5,1
KO,RP,1,KORP1,1,KORP1-1,SORNUT,8,1
KO,RP,1,KORP1,2,KORP1-2,ANDGER,63,1
KO,RP,1,KORP1,2,KORP1-2,LITTER,36,1
KO,RP,1,KORP1,2,KORP1-2,SOLPTY,1,1
KO,RP,1,KORP1,3,KORP1-3,ANDGER,59,1
KO,RP,1,KORP1,3,KORP1-3,FESTUCA,9,1
KO,RP,1,KORP1,3,KORP1-3,LESCAP,2,1
KO,RP,1,KORP1,3,KORP1-3,LITTER,23,1
KO,RP,1,KORP1,3,KORP1-3,SOLCAN,7,1
KO,RP,1,KORP1,4,KORP1-4,ANDGER,40,1
KO,RP,1,KORP1,4,KORP1-4,LITTER,26,1
KO,RP,1,KORP1,4,KORP1-4,SOLGIG,34,1
KO,RP,1,KORP1,5,KORP1-5,ANDGER,30,1
KO,RP,1,KORP1,5,KORP1-5,HELHEL,3,1
KO,RP,1,KORP1,5,KORP1-5,LITTER,31,1
KO,RP,1,KORP1,5,KORP1-5,SOLCAN,10,1
KO,RP,1,KORP1,5,KORP1-5,SORNUT,13,1
KO,RP,1,KORP1,5,KORP1-5,SYMERI,13,1
KO,RP,1,KORP1,6,KORP1-6,ANDGER,56,1
KO,RP,1,KORP1,6,KORP1-6,FESTUCA,10,1
KO,RP,1,KORP1,6,KORP1-6,LITTER,34,1
KO,RP,1,KORP1,7,KORP1-7,ANDGER,31,1
KO,RP,1,KORP1,7,KORP1-7,LITTER,24,1
KO,RP,1,KORP1,7,KORP1-7,SOLCAN,16,1
KO,RP,1,KORP1,7,KORP1-7,SOLGIG,22,1
KO,RP,1,KORP1,7,KORP1-7,SYMPIL,7,1
KO,RP,1,KORP1,8,KORP1-8,ANDGER,36,1
KO,RP,1,KORP1,8,KORP1-8,LESCAP,23,1
KO,RP,1,KORP1,8,KORP1-8,LITTER,26,1
KO,RP,1,KORP1,8,KORP1-8,RUBFLA,5,1
KO,RP,1,KORP1,8,KORP1-8,SOLCAN,10,1
KO,RP,1,KORP1,9,KORP1-9,ANDGER,35,1
KO,RP,1,KORP1,9,KORP1-9,LITTER,31,1
KO,RP,1,KORP1,9,KORP1-9,SOLCAN,27,1
KO,RP,1,KORP1,9,KORP1-9,SORNUT,7,1
KO,RP,1,KORP1,10,KORP1-10,ANDGER,15,1
KO,RP,1,KORP1,10,KORP1-10,DESILL,7,1
KO,RP,1,KORP1,10,KORP1-10,FESTUCA,7,1
KO,RP,1,KORP1,10,KORP1-10,LITTER,29,1
KO,RP,1,KORP1,10,KORP1-10,SOLCAN,28,1
KO,RP,1,KORP1,10,KORP1-10,SORNUT,14,1
LP,RP,1,LPRP1,1,LPRP1-1,ACHMIL,12,1
LP,RP,1,LPRP1,1,LPRP1-1,ARTLUD,15,1
LP,RP,2,LPRP2,1,LPRP2-1,ARTLUD,19,1
LP,RP,1,LPRP1,1,LPRP1-1,BAPLAC,3,1
LP,RP,2,LPRP2,1,LPRP2-1,DESILL,11,1
LP,RP,2,LPRP2,1,LPRP2-1,ECHPUR,8,1
LP,RP,1,LPRP1,1,LPRP1-1,ECHPUR,20,1
LP,RP,2,LPRP2,1,LPRP2-1,ELYVIR,1,1
LP,RP,1,LPRP1,1,LPRP1-1,HELGIG,10,1
LP,RP,2,LPRP2,1,LPRP2-1,HELHEL,1,1
LP,RP,1,LPRP1,1,LPRP1-1,HELHEL,3,1
LP,RP,1,LPRP1,1,LPRP1-1,LITTER,12,1
LP,RP,2,LPRP2,1,LPRP2-1,PANCAP,1,1
LP,RP,1,LPRP1,1,LPRP1-1,PANCAP,2,1
LP,RP,2,LPRP2,1,LPRP2-1,PYCVIR,12,1
LP,RP,2,LPRP2,1,LPRP2-1,RATPIN,5,1
LP,RP,1,LPRP1,1,LPRP1-1,RATPIN,11,1
LP,RP,2,LPRP2,1,LPRP2-1,RUDHIR,1,1
LP,RP,2,LPRP2,1,LPRP2-1,SENHEB,7,1
LP,RP,1,LPRP1,1,LPRP1-1,SOLCAN,4,1
LP,RP,2,LPRP2,1,LPRP2-1,SORNUT,28,1
LP,RP,2,LPRP2,1,LPRP2-1,SYMLAE,4,1
LP,RP,1,LPRP1,1,LPRP1-1,SYMLAE,6,1
LP,RP,1,LPRP1,1,LPRP1-1,SYMNOV,2,1
LP,RP,2,LPRP2,1,LPRP2-1,SYMNOV,2,1
LP,RP,1,LPRP1,2,LPRP1-2,ACHMIL,7,1
LP,RP,1,LPRP1,2,LPRP1-2,ANDGER,1,1
LP,RP,2,LPRP2,2,LPRP2-2,ANDGER,12,1
LP,RP,2,LPRP2,2,LPRP2-2,ARTLUD,12,1
LP,RP,1,LPRP1,2,LPRP1-2,ARTLUD,20,1
LP,RP,2,LPRP2,2,LPRP2-2,DAUCAR,4,1
LP,RP,1,LPRP1,2,LPRP1-2,ECHPUR,11,1
LP,RP,2,LPRP2,2,LPRP2-2,ECHPUR,11,1
LP,RP,1,LPRP1,2,LPRP1-2,ELYCAN,9,1
LP,RP,1,LPRP1,2,LPRP1-2,ELYVIR,1,1
LP,RP,2,LPRP2,2,LPRP2-2,ELYVIR,3,1
LP,RP,1,LPRP1,2,LPRP1-2,EUTGRA,18,1
LP,RP,1,LPRP1,2,LPRP1-2,HELHEL,16,1
LP,RP,2,LPRP2,2,LPRP2-2,LITTER,5,1
LP,RP,1,LPRP1,2,LPRP1-2,LITTER,6,1
LP,RP,2,LPRP2,2,LPRP2-2,PYCVIR,19,1
LP,RP,2,LPRP2,2,LPRP2-2,RATPIN,1,1
LP,RP,1,LPRP1,2,LPRP1-2,RATPIN,7,1
LP,RP,2,LPRP2,2,LPRP2-2,SENHEB,10,1
LP,RP,2,LPRP2,2,LPRP2-2,SOLCAN,4,1
LP,RP,2,LPRP2,2,LPRP2-2,SORNUT,13,1
LP,RP,1,LPRP1,2,LPRP1-2,SYMLAE,4,1
LP,RP,2,LPRP2,2,LPRP2-2,SYMLAE,6,1
LP,RP,1,LPRP1,3,LPRP1-3,ARTLUD,9,1
LP,RP,2,LPRP2,3,LPRP2-3,CORTRI,4,1
LP,RP,1,LPRP1,3,LPRP1-3,CORTRI,20,1
LP,RP,2,LPRP2,3,LPRP2-3,DAUCAR,3,1
LP,RP,2,LPRP2,3,LPRP2-3,ECHPUR,7,1
LP,RP,1,LPRP1,3,LPRP1-3,ECHPUR,10,1
LP,RP,1,LPRP1,3,LPRP1-3,ELYVIR,10,1
LP,RP,2,LPRP2,3,LPRP2-3,ELYVIR,14,1
LP,RP,2,LPRP2,3,LPRP2-3,ERYYUC,4,1
LP,RP,2,LPRP2,3,LPRP2-3,EUTGRA,19,1
LP,RP,1,LPRP1,3,LPRP1-3,HELHEL,14,1
LP,RP,1,LPRP1,3,LPRP1-3,MEDSAT,5,1
LP,RP,1,LPRP1,3,LPRP1-3,MONFIS,5,1
LP,RP,1,LPRP1,3,LPRP1-3,PENDIG,2,1
LP,RP,2,LPRP2,3,LPRP2-3,PYCVIR,9,1
LP,RP,2,LPRP2,3,LPRP2-3,RATPIN,5,1
LP,RP,1,LPRP1,3,LPRP1-3,RATPIN,12,1
LP,RP,2,LPRP2,3,LPRP2-3,SOLCAN,12,1
LP,RP,2,LPRP2,3,LPRP2-3,SORNUT,9,1
LP,RP,1,LPRP1,3,LPRP1-3,SYMERI,2,1
LP,RP,1,LPRP1,3,LPRP1-3,SYMLAE,4,1
LP,RP,2,LPRP2,3,LPRP2-3,SYMLAE,10,1
LP,RP,1,LPRP1,3,LPRP1-3,SYMNOV,4,1
LP,RP,2,LPRP2,3,LPRP2-3,SYMNOV,4,1
LP,RP,1,LPRP1,3,LPRP1-3,VERHAS,3,1
LP,RP,2,LPRP2,4,LPRP2-4,ACHMIL,10,1
LP,RP,2,LPRP2,4,LPRP2-4,ARTLUD,4,1
LP,RP,1,LPRP1,4,LPRP1-4,ARTLUD,13,1
LP,RP,1,LPRP1,4,LPRP1-4,CIRARV,2,1
LP,RP,2,LPRP2,4,LPRP2-4,DESILL,3,1
LP,RP,1,LPRP1,4,LPRP1-4,DESILL,4,1
LP,RP,2,LPRP2,4,LPRP2-4,ECHPUR,4,1
LP,RP,1,LPRP1,4,LPRP1-4,ECHPUR,12,1
LP,RP,1,LPRP1,4,LPRP1-4,ELYVIR,20,1
LP,RP,2,LPRP2,4,LPRP2-4,HELHEL,2,1
LP,RP,1,LPRP1,4,LPRP1-4,HELHEL,10,1
LP,RP,2,LPRP2,4,LPRP2-4,HELMOL,19,1
LP,RP,1,LPRP1,4,LPRP1-4,LITTER,2,1
LP,RP,2,LPRP2,4,LPRP2-4,LITTER,9,1
LP,RP,2,LPRP2,4,LPRP2-4,MONFIS,3,1
LP,RP,2,LPRP2,4,LPRP2-4,RATPIN,3,1
LP,RP,2,LPRP2,4,LPRP2-4,SENHEB,17,1
LP,RP,2,LPRP2,4,LPRP2-4,SOLCAN,1,1
LP,RP,1,LPRP1,4,LPRP1-4,SOLCAN,28,1
LP,RP,2,LPRP2,4,LPRP2-4,SOLSPE,2,1
LP,RP,2,LPRP2,4,LPRP2-4,SORNUT,15,1
LP,RP,1,LPRP1,4,LPRP1-4,SYMERI,7,1
LP,RP,1,LPRP1,4,LPRP1-4,SYMLAE,2,1
LP,RP,2,LPRP2,4,LPRP2-4,SYMLAE,8,1
LP,RP,2,LPRP2,5,LPRP2-5,ACHMIL,1,1
LP,RP,1,LPRP1,5,LPRP1-5,ACHMIL,9,1
LP,RP,1,LPRP1,5,LPRP1-5,ANDGER,16,1
LP,RP,1,LPRP1,5,LPRP1-5,ARTLUD,8,1
LP,RP,2,LPRP2,5,LPRP2-5,ARTLUD,12,1
LP,RP,1,LPRP1,5,LPRP1-5,ASCSYR,2,1
LP,RP,2,LPRP2,5,LPRP2-5,DAUCAR,2,1
LP,RP,2,LPRP2,5,LPRP2-5,DESILL,9,1
LP,RP,1,LPRP1,5,LPRP1-5,ECHPUR,13,1
LP,RP,2,LPRP2,5,LPRP2-5,ECHPUR,14,1
LP,RP,1,LPRP1,5,LPRP1-5,ELYCAN,6,1
LP,RP,1,LPRP1,5,LPRP1-5,LESVIR,2,1
LP,RP,2,LPRP2,5,LPRP2-5,LITTER,5,1
LP,RP,1,LPRP1,5,LPRP1-5,LITTER,14,1
LP,RP,1,LPRP1,5,LPRP1-5,MONFIS,1,1
LP,RP,2,LPRP2,5,LPRP2-5,MONFIS,4,1
LP,RP,1,LPRP1,5,LPRP1-5,PSEOBT,3,1
LP,RP,2,LPRP2,5,LPRP2-5,PYCVIR,13,1
LP,RP,2,LPRP2,5,LPRP2-5,RATPIN,7,1
LP,RP,1,LPRP1,5,LPRP1-5,RATPIN,9,1
LP,RP,2,LPRP2,5,LPRP2-5,SENHEB,6,1
LP,RP,2,LPRP2,5,LPRP2-5,SOLCAN,9,1
LP,RP,2,LPRP2,5,LPRP2-5,SOLSPE,1,1
LP,RP,1,LPRP1,5,LPRP1-5,SORNUT,4,1
LP,RP,2,LPRP2,5,LPRP2-5,SORNUT,9,1
LP,RP,1,LPRP1,5,LPRP1-5,SYMLAE,8,1
LP,RP,2,LPRP2,5,LPRP2-5,SYMLAE,8,1
LP,RP,1,LPRP1,5,LPRP1-5,SYMNOV,5,1
LP,RP,2,LPRP2,6,LPRP2-6,ANDGER,5,1
LP,RP,1,LPRP1,6,LPRP1-6,ARTLUD,31,1
LP,RP,2,LPRP2,6,LPRP2-6,DAUCAR,4,1
LP,RP,1,LPRP1,6,LPRP1-6,DESILL,12,1
LP,RP,1,LPRP1,6,LPRP1-6,ECHPUR,13,1
LP,RP,2,LPRP2,6,LPRP2-6,ECHPUR,14,1
LP,RP,1,LPRP1,6,LPRP1-6,ERICIL,8,1
LP,RP,1,LPRP1,6,LPRP1-6,EUTGRA,3,1
LP,RP,2,LPRP2,6,LPRP2-6,GAUBIE,2,1
LP,RP,1,LPRP1,6,LPRP1-6,HELGIG,2,1
LP,RP,2,LPRP2,6,LPRP2-6,HELHEL,5,1
LP,RP,1,LPRP1,6,LPRP1-6,HELHEL,9,1
LP,RP,2,LPRP2,6,LPRP2-6,LITTER,6,1
LP,RP,2,LPRP2,6,LPRP2-6,LOBCAR,2,1
LP,RP,1,LPRP1,6,LPRP1-6,MONFIS,3,1
LP,RP,2,LPRP2,6,LPRP2-6,PANCAP,10,1
LP,RP,1,LPRP1,6,LPRP1-6,PENDIG,2,1
LP,RP,1,LPRP1,6,LPRP1-6,PYCVIR,2,1
LP,RP,2,LPRP2,6,LPRP2-6,PYCVIR,4,1
LP,RP,2,LPRP2,6,LPRP2-6,RATPIN,5,1
LP,RP,1,LPRP1,6,LPRP1-6,RATPIN,11,1
LP,RP,1,LPRP1,6,LPRP1-6,RUDHIR,1,1
LP,RP,2,LPRP2,6,LPRP2-6,RUDHIR,3,1
LP,RP,2,LPRP2,6,LPRP2-6,SORNUT,21,1
LP,RP,1,LPRP1,6,LPRP1-6,SYMLAE,3,1
LP,RP,2,LPRP2,6,LPRP2-6,SYMLAE,4,1
LP,RP,2,LPRP2,6,LPRP2-6,SYMNOV,12,1
LP,RP,2,LPRP2,6,LPRP2-6,VERSTR,3,1
LP,RP,1,LPRP1,7,LPRP1-7,ACHMIL,1,1
LP,RP,1,LPRP1,7,LPRP1-7,ARTCAM,1,1
LP,RP,2,LPRP2,7,LPRP2-7,ARTLUD,6,1
LP,RP,1,LPRP1,7,LPRP1-7,BARESOIL,2,1
LP,RP,2,LPRP2,7,LPRP2-7,ECHPUR,19,1
LP,RP,2,LPRP2,7,LPRP2-7,ELYVIR,4,1
LP,RP,1,LPRP1,7,LPRP1-7,ERICIL,8,1
LP,RP,1,LPRP1,7,LPRP1-7,LACSER,1,1
LP,RP,2,LPRP2,7,LPRP2-7,LITTER,16,1
LP,RP,1,LPRP1,7,LPRP1-7,LITTER,19,1
LP,RP,2,LPRP2,7,LPRP2-7,PANCAP,10,1
LP,RP,1,LPRP1,7,LPRP1-7,PENDIG,3,1
LP,RP,1,LPRP1,7,LPRP1-7,RATPIN,7,1
LP,RP,2,LPRP2,7,LPRP2-7,RATPIN,12,1
LP,RP,1,LPRP1,7,LPRP1-7,RUDHIR,3,1
LP,RP,2,LPRP2,7,LPRP2-7,RUDHIR,4,1
LP,RP,2,LPRP2,7,LPRP2-7,SENHEB,3,1
LP,RP,2,LPRP2,7,LPRP2-7,SOLCAN,11,1
LP,RP,1,LPRP1,7,LPRP1-7,SOLRIG,4,1
LP,RP,1,LPRP1,7,LPRP1-7,SORNUT,2,1
LP,RP,2,LPRP2,7,LPRP2-7,SORNUT,8,1
LP,RP,1,LPRP1,7,LPRP1-7,SYMERI,42,1
LP,RP,2,LPRP2,7,LPRP2-7,SYMLAE,3,1
LP,RP,2,LPRP2,7,LPRP2-7,SYMNOV,4,1
LP,RP,1,LPRP1,7,LPRP1-7,SYMNOV,7,1
LP,RP,1,LPRP1,8,LPRP1-8,ANTPLA,2,1
LP,RP,2,LPRP2,8,LPRP2-8,ARTLUD,12,1
LP,RP,1,LPRP1,8,LPRP1-8,ARTLUD,14,1
LP,RP,2,LPRP2,8,LPRP2-8,CORTRI,4,1
LP,RP,2,LPRP2,8,LPRP2-8,ECHPUR,8,1
LP,RP,1,LPRP1,8,LPRP1-8,ECHPUR,12,1
LP,RP,1,LPRP1,8,LPRP1-8,ELYCAN,3,1
LP,RP,2,LPRP2,8,LPRP2-8,ELYVIR,9,1
LP,RP,1,LPRP1,8,LPRP1-8,ERICIL,11,1
LP,RP,2,LPRP2,8,LPRP2-8,EUTGRA,5,1
LP,RP,1,LPRP1,8,LPRP1-8,HELGIG,4,1
LP,RP,2,LPRP2,8,LPRP2-8,HELGIG,7,1
LP,RP,1,LPRP1,8,LPRP1-8,HELHEL,2,1
LP,RP,2,LPRP2,8,LPRP2-8,HELHEL,5,1
LP,RP,2,LPRP2,8,LPRP2-8,LESCAP,3,1
LP,RP,1,LPRP1,8,LPRP1-8,LITTER,14,1
LP,RP,2,LPRP2,8,LPRP2-8,MONFIS,3,1
LP,RP,2,LPRP2,8,LPRP2-8,PYCVIR,3,1
LP,RP,1,LPRP1,8,LPRP1-8,RATPIN,4,1
LP,RP,2,LPRP2,8,LPRP2-8,RATPIN,6,1
LP,RP,1,LPRP1,8,LPRP1-8,RUDHIR,1,1
LP,RP,2,LPRP2,8,LPRP2-8,SILINT,7,1
LP,RP,2,LPRP2,8,LPRP2-8,SOLCAN,8,1
LP,RP,1,LPRP1,8,LPRP1-8,SOLCAN,19,1
LP,RP,1,LPRP1,8,LPRP1-8,SOLRIG,3,1
LP,RP,2,LPRP2,8,LPRP2-8,SOLSPE,1,1
LP,RP,2,LPRP2,8,LPRP2-8,SORNUT,9,1
LP,RP,1,LPRP1,8,LPRP1-8,SYMLAE,6,1
LP,RP,2,LPRP2,8,LPRP2-8,SYMLAE,10,1
LP,RP,1,LPRP1,8,LPRP1-8,SYMNOV,5,1
LP,RP,1,LPRP1,9,LPRP1-9,ACHMIL,2,1
LP,RP,1,LPRP1,9,LPRP1-9,ANDGER,9,1
LP,RP,1,LPRP1,9,LPRP1-9,ARTLUD,11,1
LP,RP,1,LPRP1,9,LPRP1-9,CIRARV,2,1
LP,RP,1,LPRP1,9,LPRP1-9,CORTRI,3,1
LP,RP,2,LPRP2,9,LPRP2-9,DESILL,3,1
LP,RP,2,LPRP2,9,LPRP2-9,ECHPUR,8,1
LP,RP,1,LPRP1,9,LPRP1-9,ECHPUR,15,1
LP,RP,2,LPRP2,9,LPRP2-9,ELYCAN,1,1
LP,RP,1,LPRP1,9,LPRP1-9,ELYVIR,9,1
LP,RP,2,LPRP2,9,LPRP2-9,EUTGRA,6,1
LP,RP,2,LPRP2,9,LPRP2-9,FESTUCA,6,1
LP,RP,1,LPRP1,9,LPRP1-9,HELGIG,4,1
LP,RP,2,LPRP2,9,LPRP2-9,HELHEL,6,1
LP,RP,1,LPRP1,9,LPRP1-9,LITTER,10,1
LP,RP,1,LPRP1,9,LPRP1-9,MONFIS,2,1
LP,RP,2,LPRP2,9,LPRP2-9,MONFIS,5,1
LP,RP,1,LPRP1,9,LPRP1-9,PANCAP,1,1
LP,RP,2,LPRP2,9,LPRP2-9,PANCAP,4,1
LP,RP,2,LPRP2,9,LPRP2-9,PENDIG,6,1
LP,RP,1,LPRP1,9,LPRP1-9,PYCVIR,11,1
LP,RP,2,LPRP2,9,LPRP2-9,PYCVIR,11,1
LP,RP,1,LPRP1,9,LPRP1-9,RATPIN,5,1
LP,RP,2,LPRP2,9,LPRP2-9,RATPIN,8,1
LP,RP,2,LPRP2,9,LPRP2-9,RUDHIR,6,1
LP,RP,2,LPRP2,9,LPRP2-9,SENHEB,2,1
LP,RP,1,LPRP1,9,LPRP1-9,SOLCAN,8,1
LP,RP,2,LPRP2,9,LPRP2-9,SOLCAN,8,1
LP,RP,2,LPRP2,9,LPRP2-9,SORNUT,9,1
LP,RP,1,LPRP1,9,LPRP1-9,SYMLAE,3,1
LP,RP,2,LPRP2,9,LPRP2-9,SYMLAE,10,1
LP,RP,2,LPRP2,9,LPRP2-9,SYMNOV,1,1
LP,RP,1,LPRP1,9,LPRP1-9,SYMNOV,5,1
LP,RP,2,LPRP2,10,LPRP2-10,ACHMIL,1,1
LP,RP,1,LPRP1,10,LPRP1-10,ACHMIL,5,1
LP,RP,2,LPRP2,10,LPRP2-10,ARTLUD,17,1
LP,RP,1,LPRP1,10,LPRP1-10,ARTLUD,20,1
LP,RP,2,LPRP2,10,LPRP2-10,AVEFAT,1,1
LP,RP,2,LPRP2,10,LPRP2-10,BAPLEU,26,1
LP,RP,1,LPRP1,10,LPRP1-10,CAREX3,2,1
LP,RP,2,LPRP2,10,LPRP2-10,DALPUR,2,1
LP,RP,1,LPRP1,10,LPRP1-10,ECHPUR,5,1
LP,RP,2,LPRP2,10,LPRP2-10,ECHPUR,8,1
LP,RP,2,LPRP2,10,LPRP2-10,ELYVIR,8,1
LP,RP,1,LPRP1,10,LPRP1-10,ERICIL,10,1
LP,RP,1,LPRP1,10,LPRP1-10,HELHEL,9,1
LP,RP,1,LPRP1,10,LPRP1-10,LITTER,11,1
LP,RP,1,LPRP1,10,LPRP1-10,MONFIS,4,1
LP,RP,2,LPRP2,10,LPRP2-10,PANCAP,3,1
LP,RP,2,LPRP2,10,LPRP2-10,RATPIN,3,1
LP,RP,1,LPRP1,10,LPRP1-10,RATPIN,4,1
LP,RP,1,LPRP1,10,LPRP1-10,RUDHIR,1,1
LP,RP,2,LPRP2,10,LPRP2-10,SENHEB,5,1
LP,RP,2,LPRP2,10,LPRP2-10,SILLAC,7,1
LP,RP,1,LPRP1,10,LPRP1-10,SORNUT,6,1
LP,RP,2,LPRP2,10,LPRP2-10,SORNUT,8,1
LP,RP,2,LPRP2,10,LPRP2-10,SYMLAE,5,1
LP,RP,2,LPRP2,10,LPRP2-10,SYMNOV,4,1
LP,RP,1,LPRP1,10,LPRP1-10,SYMNOV,11,1
LP,RP,1,LPRP1,10,LPRP1-10,TRIPRA,12,1
LP,RP,2,LPRP2,10,LPRP2-10,VERHAS,1,1
LP,RP,2,LPRP2,10,LPRP2-10,VERSTR,1,1
MB,RP,1,MBRP1,1,MBRP1-1,ANDGER,22,1
MB,RP,1,MBRP1,1,MBRP1-1,ASCSYR,4,1
MB,RP,1,MBRP1,1,MBRP1-1,BRIEUP,31,1
MB,RP,1,MBRP1,1,MBRP1-1,BROINE,2,1
MB,RP,1,MBRP1,1,MBRP1-1,DAUCAR,1,1
MB,RP,1,MBRP1,1,MBRP1-1,LITTER,5,1
MB,RP,1,MBRP1,1,MBRP1-1,MONFIS,5,1
MB,RP,1,MBRP1,1,MBRP1-1,POAANN,25,1
MB,RP,1,MBRP1,1,MBRP1-1,RUBALL,1,1
MB,RP,1,MBRP1,1,MBRP1-1,SOLPTY,4,1
MB,RP,1,MBRP1,2,MBRP1-2,ACHMIL,1,1
MB,RP,1,MBRP1,2,MBRP1-2,AMOCAN,2,1
MB,RP,1,MBRP1,2,MBRP1-2,BRIEUP,4,1
MB,RP,1,MBRP1,2,MBRP1-2,DAUCAR,1,1
MB,RP,1,MBRP1,2,MBRP1-2,HELPAU,30,1
MB,RP,1,MBRP1,2,MBRP1-2,HYPPUN,2,1
MB,RP,1,MBRP1,2,MBRP1-2,LITTER,5,1
MB,RP,1,MBRP1,2,MBRP1-2,MONFIS,1,1
MB,RP,1,MBRP1,2,MBRP1-2,POAANN,22,1
MB,RP,1,MBRP1,2,MBRP1-2,RUBALL,19,1
MB,RP,1,MBRP1,2,MBRP1-2,SCHSCO,9,1
MB,RP,1,MBRP1,2,MBRP1-2,SOLSPE,1,1
MB,RP,1,MBRP1,2,MBRP1-2,SORNUT,3,1
MB,RP,1,MBRP1,3,MBRP1-3,ACHMIL,3,1
MB,RP,1,MBRP1,3,MBRP1-3,AMOCAN,7,1
MB,RP,1,MBRP1,3,MBRP1-3,DESILL,6,1
MB,RP,1,MBRP1,3,MBRP1-3,DICANT,2,1
MB,RP,1,MBRP1,3,MBRP1-3,HELGRO,1,1
MB,RP,1,MBRP1,3,MBRP1-3,HELPAU,1,1
MB,RP,1,MBRP1,3,MBRP1-3,LITTER,6,1
MB,RP,1,MBRP1,3,MBRP1-3,MONFIS,5,1
MB,RP,1,MBRP1,3,MBRP1-3,POAANN,3,1
MB,RP,1,MBRP1,3,MBRP1-3,PRIMEA,2,1
MB,RP,1,MBRP1,3,MBRP1-3,RATPIN,2,1
MB,RP,1,MBRP1,3,MBRP1-3,RUBALL,24,1
MB,RP,1,MBRP1,3,MBRP1-3,SCHSCO,5,1
MB,RP,1,MBRP1,3,MBRP1-3,SILINT,9,1
MB,RP,1,MBRP1,3,MBRP1-3,SOLRIG,8,1
MB,RP,1,MBRP1,3,MBRP1-3,SOLSPE,2,1
MB,RP,1,MBRP1,3,MBRP1-3,SORNUT,6,1
MB,RP,1,MBRP1,3,MBRP1-3,SYMLAE,2,1
MB,RP,1,MBRP1,3,MBRP1-3,SYMLAT,1,1
MB,RP,1,MBRP1,3,MBRP1-3,TAROFF,1,1
MB,RP,1,MBRP1,3,MBRP1-3,ZIZAUR,4,1
MB,RP,1,MBRP1,4,MBRP1-4,ACHMIL,1,1
MB,RP,1,MBRP1,4,MBRP1-4,AMOCAN,5,1
MB,RP,1,MBRP1,4,MBRP1-4,ANDGER,18,1
MB,RP,1,MBRP1,4,MBRP1-4,ASCVIR,1,1
MB,RP,1,MBRP1,4,MBRP1-4,BRIEUP,2,1
MB,RP,1,MBRP1,4,MBRP1-4,BROINE,8,1
MB,RP,1,MBRP1,4,MBRP1-4,DESILL,6,1
MB,RP,1,MBRP1,4,MBRP1-4,LITTER,4,1
MB,RP,1,MBRP1,4,MBRP1-4,MONFIS,5,1
MB,RP,1,MBRP1,4,MBRP1-4,POAANN,11,1
MB,RP,1,MBRP1,4,MBRP1-4,RUBALL,2,1
MB,RP,1,MBRP1,4,MBRP1-4,RUBIDA,3,1
MB,RP,1,MBRP1,4,MBRP1-4,SCHSCO,14,1
MB,RP,1,MBRP1,4,MBRP1-4,SOLCAN,18,1
MB,RP,1,MBRP1,4,MBRP1-4,SOLPTY,2,1
MB,RP,1,MBRP1,5,MBRP1-5,AMOCAN,6,1
MB,RP,1,MBRP1,5,MBRP1-5,ANDGER,8,1
MB,RP,1,MBRP1,5,MBRP1-5,AQUCAN,2,1
MB,RP,1,MBRP1,5,MBRP1-5,DESILL,3,1
MB,RP,1,MBRP1,5,MBRP1-5,ECHPAL,2,1
MB,RP,1,MBRP1,5,MBRP1-5,HELPAU,4,1
MB,RP,1,MBRP1,5,MBRP1-5,HELSTR,2,1
MB,RP,1,MBRP1,5,MBRP1-5,HYPPUN,1,1
MB,RP,1,MBRP1,5,MBRP1-5,LITTER,4,1
MB,RP,1,MBRP1,5,MBRP1-5,PARINT,4,1
MB,RP,1,MBRP1,5,MBRP1-5,PEDCAN,5,1
MB,RP,1,MBRP1,5,MBRP1-5,POAANN,5,1
MB,RP,1,MBRP1,5,MBRP1-5,POLPOL,1,1
MB,RP,1,MBRP1,5,MBRP1-5,PYCVIR,2,1
MB,RP,1,MBRP1,5,MBRP1-5,SILINT,2,1
MB,RP,1,MBRP1,5,MBRP1-5,SORNUT,17,1
MB,RP,1,MBRP1,5,MBRP1-5,THADAS,1,1
MB,RP,1,MBRP1,5,MBRP1-5,ZIZAUR,31,1
MB,RP,1,MBRP1,6,MBRP1-6,ANDGER,5,1
MB,RP,1,MBRP1,6,MBRP1-6,BROINE,5,1
MB,RP,1,MBRP1,6,MBRP1-6,DAUCAR,1,1
MB,RP,1,MBRP1,6,MBRP1-6,DESILL,10,1
MB,RP,1,MBRP1,6,MBRP1-6,ERYYUC,4,1
MB,RP,1,MBRP1,6,MBRP1-6,LITTER,5,1
MB,RP,1,MBRP1,6,MBRP1-6,POAANN,15,1
MB,RP,1,MBRP1,6,MBRP1-6,PSEOBT,1,1
MB,RP,1,MBRP1,6,MBRP1-6,RUBFLA,12,1
MB,RP,1,MBRP1,6,MBRP1-6,SILINT,3,1
MB,RP,1,MBRP1,6,MBRP1-6,SOLRIG,3,1
MB,RP,1,MBRP1,6,MBRP1-6,SOLSPE,1,1
MB,RP,1,MBRP1,6,MBRP1-6,SORNUT,35,1
MB,RP,1,MBRP1,7,MBRP1-7,ACHMIL,1,1
MB,RP,1,MBRP1,7,MBRP1-7,ANDGER,30,1
MB,RP,1,MBRP1,7,MBRP1-7,BRIEUP,2,1
MB,RP,1,MBRP1,7,MBRP1-7,CORPAL,6,1
MB,RP,1,MBRP1,7,MBRP1-7,DAUCAR,2,1
MB,RP,1,MBRP1,7,MBRP1-7,ERIANN,1,1
MB,RP,1,MBRP1,7,MBRP1-7,HIEAUR,18,1
MB,RP,1,MBRP1,7,MBRP1-7,LESCAP,10,1
MB,RP,1,MBRP1,7,MBRP1-7,LITTER,2,1
MB,RP,1,MBRP1,7,MBRP1-7,MONFIS,2,1
MB,RP,1,MBRP1,7,MBRP1-7,PEDCAN,6,1
MB,RP,1,MBRP1,7,MBRP1-7,POAANN,10,1
MB,RP,1,MBRP1,7,MBRP1-7,PSEOBT,1,1
MB,RP,1,MBRP1,7,MBRP1-7,RUDHIR,1,1
MB,RP,1,MBRP1,7,MBRP1-7,SOLRIG,2,1
MB,RP,1,MBRP1,7,MBRP1-7,SPOHET,5,1
MB,RP,1,MBRP1,7,MBRP1-7,SYMLAT,1,1
MB,RP,1,MBRP1,8,MBRP1-8,ACHMIL,1,1
MB,RP,1,MBRP1,8,MBRP1-8,ANDGER,1,1
MB,RP,1,MBRP1,8,MBRP1-8,BRIEUP,5,1
MB,RP,1,MBRP1,8,MBRP1-8,DESILL,3,1
MB,RP,1,MBRP1,8,MBRP1-8,LITTER,1,1
MB,RP,1,MBRP1,8,MBRP1-8,MONFIS,4,1
MB,RP,1,MBRP1,8,MBRP1-8,PARINT,2,1
MB,RP,1,MBRP1,8,MBRP1-8,POAANN,2,1
MB,RP,1,MBRP1,8,MBRP1-8,RATPIN,3,1
MB,RP,1,MBRP1,8,MBRP1-8,RUBALL,58,1
MB,RP,1,MBRP1,8,MBRP1-8,SCHSCO,5,1
MB,RP,1,MBRP1,8,MBRP1-8,SILINT,2,1
MB,RP,1,MBRP1,8,MBRP1-8,SOLRIG,3,1
MB,RP,1,MBRP1,8,MBRP1-8,SOLSPE,2,1
MB,RP,1,MBRP1,8,MBRP1-8,SORNUT,8,1
MB,RP,1,MBRP1,9,MBRP1-9,AMOCAN,7,1
MB,RP,1,MBRP1,9,MBRP1-9,BRIEUP,4,1
MB,RP,1,MBRP1,9,MBRP1-9,BROINE,1,1
MB,RP,1,MBRP1,9,MBRP1-9,DAUCAR,10,1
MB,RP,1,MBRP1,9,MBRP1-9,ECHPAL,2,1
MB,RP,1,MBRP1,9,MBRP1-9,ELYREP,3,1
MB,RP,1,MBRP1,9,MBRP1-9,HELHEL,2,1
MB,RP,1,MBRP1,9,MBRP1-9,HELPAU,25,1
MB,RP,1,MBRP1,9,MBRP1-9,LIAASP,2,1
MB,RP,1,MBRP1,9,MBRP1-9,LITTER,5,1
MB,RP,1,MBRP1,9,MBRP1-9,MONFIS,3,1
MB,RP,1,MBRP1,9,MBRP1-9,POAANN,4,1
MB,RP,1,MBRP1,9,MBRP1-9,PSEOBT,1,1
MB,RP,1,MBRP1,9,MBRP1-9,RATPIN,8,1
MB,RP,1,MBRP1,9,MBRP1-9,RUBALL,7,1
MB,RP,1,MBRP1,9,MBRP1-9,SCHSCO,1,1
MB,RP,1,MBRP1,9,MBRP1-9,SOLRIG,1,1
MB,RP,1,MBRP1,9,MBRP1-9,SOLSPE,2,1
MB,RP,1,MBRP1,9,MBRP1-9,SORNUT,6,1
MB,RP,1,MBRP1,9,MBRP1-9,TAROFF,2,1
MB,RP,1,MBRP1,9,MBRP1-9,THADAS,1,1
MB,RP,1,MBRP1,9,MBRP1-9,ZIZAUR,3,1
MB,RP,1,MBRP1,10,MBRP1-10,BARESOIL,6,1
MB,RP,1,MBRP1,10,MBRP1-10,BROINE,3,1
MB,RP,1,MBRP1,10,MBRP1-10,CONCAN,1,1
MB,RP,1,MBRP1,10,MBRP1-10,DAUCAR,1,1
MB,RP,1,MBRP1,10,MBRP1-10,ELYREP,20,1
MB,RP,1,MBRP1,10,MBRP1-10,HELPAU,3,1
MB,RP,1,MBRP1,10,MBRP1-10,HYPPUN,10,1
MB,RP,1,MBRP1,10,MBRP1-10,LEUVUL,3,1
MB,RP,1,MBRP1,10,MBRP1-10,LITTER,10,1
MB,RP,1,MBRP1,10,MBRP1-10,MONFIS,15,1
MB,RP,1,MBRP1,10,MBRP1-10,MOSS,25,1
MB,RP,1,MBRP1,10,MBRP1-10,OXASTR,1,1
MB,RP,1,MBRP1,10,MBRP1-10,PSEOBT,1,1
MB,RP,1,MBRP1,10,MBRP1-10,RUMACE,1,1
MH,RP,1,MHRP1,1,MHRP1-1,AMBART,1,1
MH,RP,2,MHRP2,1,MHRP2-1,AMBART,18,1
MH,RP,1,MHRP1,1,MHRP1-1,ANDGER,5,1
MH,RP,2,MHRP2,1,MHRP2-1,BARESOIL,2,1
MH,RP,1,MHRP1,1,MHRP1-1,BARESOIL,4,1
MH,RP,1,MHRP1,1,MHRP1-1,BOUCUR,29,1
MH,RP,1,MHRP1,1,MHRP1-1,BRIEUP,1,1
MH,RP,1,MHRP1,1,MHRP1-1,BROINE,2,1
MH,RP,1,MHRP1,1,MHRP1-1,CARACA,1,1
MH,RP,1,MHRP1,1,MHRP1-1,DAUCAR,1,1
MH,RP,2,MHRP2,1,MHRP2-1,DESILL,3,1
MH,RP,2,MHRP2,1,MHRP2-1,ECHPAL,1,1
MH,RP,2,MHRP2,1,MHRP2-1,ERIANN,3,1
MH,RP,1,MHRP1,1,MHRP1-1,GALAPA,1,1
MH,RP,2,MHRP2,1,MHRP2-1,HELAUT,16,1
MH,RP,2,MHRP2,1,MHRP2-1,HEURIC,1,1
MH,RP,2,MHRP2,1,MHRP2-1,LITTER,1,1
MH,RP,1,MHRP1,1,MHRP1-1,LITTER,2,1
MH,RP,1,MHRP1,1,MHRP1-1,MEDLUP,1,1
MH,RP,1,MHRP1,1,MHRP1-1,MONFIS,5,1
MH,RP,2,MHRP2,1,MHRP2-1,MONFIS,6,1
MH,RP,1,MHRP1,1,MHRP1-1,PRUAME,1,1
MH,RP,1,MHRP1,1,MHRP1-1,RATPIN,3,1
MH,RP,1,MHRP1,1,MHRP1-1,RUDHIR,1,1
MH,RP,1,MHRP1,1,MHRP1-1,RUDTRI,3,1
MH,RP,2,MHRP2,1,MHRP2-1,RUDTRI,36,1
MH,RP,1,MHRP1,1,MHRP1-1,SCHSCO,1,1
MH,RP,1,MHRP1,1,MHRP1-1,SILLAC,3,1
MH,RP,1,MHRP1,1,MHRP1-1,SOLRIG,11,1
MH,RP,1,MHRP1,1,MHRP1-1,SORNUT,20,1
MH,RP,2,MHRP2,1,MHRP2-1,SYMFAL,2,1
MH,RP,2,MHRP2,1,MHRP2-1,SYMLAE,2,1
MH,RP,1,MHRP1,1,MHRP1-1,SYMPIL,1,1
MH,RP,1,MHRP1,1,MHRP1-1,TAROFF,1,1
MH,RP,1,MHRP1,1,MHRP1-1,TRIPRA,2,1
MH,RP,2,MHRP2,1,MHRP2-1,TRIREP,6,1
MH,RP,2,MHRP2,1,MHRP2-1,ZIZAUR,3,1
MH,RP,1,MHRP1,2,MHRP1-2,AMBART,24,1
MH,RP,2,MHRP2,2,MHRP2-2,AMBART,40,1
MH,RP,1,MHRP1,2,MHRP1-2,ASCSYR,8,1
MH,RP,1,MHRP1,2,MHRP1-2,BARESOIL,1,1
MH,RP,2,MHRP2,2,MHRP2-2,BARESOIL,2,1
MH,RP,1,MHRP1,2,MHRP1-2,BOUCUR,3,1
MH,RP,1,MHRP1,2,MHRP1-2,BROINE,3,1
MH,RP,1,MHRP1,2,MHRP1-2,CONARV,2,1
MH,RP,1,MHRP1,2,MHRP1-2,DAUCAR,1,1
MH,RP,1,MHRP1,2,MHRP1-2,ELYREP,5,1
MH,RP,1,MHRP1,2,MHRP1-2,ERIVIL,1,1
MH,RP,2,MHRP2,2,MHRP2-2,HELHEL,4,1
MH,RP,1,MHRP1,2,MHRP1-2,HYPPUN,1,1
MH,RP,2,MHRP2,2,MHRP2-2,LITTER,1,1
MH,RP,1,MHRP1,2,MHRP1-2,LITTER,2,1
MH,RP,2,MHRP2,2,MHRP2-2,MELALB,1,1
MH,RP,1,MHRP1,2,MHRP1-2,MONFIS,1,1
MH,RP,2,MHRP2,2,MHRP2-2,MONFIS,2,1
MH,RP,1,MHRP1,2,MHRP1-2,MONPUN,1,1
MH,RP,1,MHRP1,2,MHRP1-2,OXASTR,1,1
MH,RP,1,MHRP1,2,MHRP1-2,PHYLON,8,1
MH,RP,2,MHRP2,2,MHRP2-2,RATPIN,7,1
MH,RP,1,MHRP1,2,MHRP1-2,RATPIN,20,1
MH,RP,1,MHRP1,2,MHRP1-2,RUDHIR,1,1
MH,RP,2,MHRP2,2,MHRP2-2,RUDHIR,3,1
MH,RP,2,MHRP2,2,MHRP2-2,RUDTRI,40,1
MH,RP,1,MHRP1,2,MHRP1-2,SOLCAN,15,1
MH,RP,1,MHRP1,2,MHRP1-2,SORNUT,2,1
MH,RP,2,MHRP2,3,MHRP2-3,AGASCR,2,1
MH,RP,2,MHRP2,3,MHRP2-3,AMBART,30,1
MH,RP,2,MHRP2,3,MHRP2-3,ASACAN,7,1
MH,RP,1,MHRP1,3,MHRP1-3,BARESOIL,3,1
MH,RP,2,MHRP2,3,MHRP2-3,BARESOIL,7,1
MH,RP,1,MHRP1,3,MHRP1-3,BROINE,1,1
MH,RP,2,MHRP2,3,MHRP2-3,CONCAN,3,1
MH,RP,1,MHRP1,3,MHRP1-3,DAUCAR,1,1
MH,RP,2,MHRP2,3,MHRP2-3,DRYARG,1,1
MH,RP,2,MHRP2,3,MHRP2-3,ECHPAL,1,1
MH,RP,2,MHRP2,3,MHRP2-3,HELHEL,2,1
MH,RP,1,MHRP1,3,MHRP1-3,LITTER,2,1
MH,RP,2,MHRP2,3,MHRP2-3,LITTER,5,1
MH,RP,2,MHRP2,3,MHRP2-3,MEDLUP,1,1
MH,RP,2,MHRP2,3,MHRP2-3,MEDSAT,1,1
MH,RP,1,MHRP1,3,MHRP1-3,MONFIS,4,1
MH,RP,2,MHRP2,3,MHRP2-3,PENDIG,2,1
MH,RP,1,MHRP1,3,MHRP1-3,PLALAN,1,1
MH,RP,1,MHRP1,3,MHRP1-3,POAPRA,1,1
MH,RP,1,MHRP1,3,MHRP1-3,RATPIN,3,1
MH,RP,2,MHRP2,3,MHRP2-3,RATPIN,18,1
MH,RP,1,MHRP1,3,MHRP1-3,RUDTRI,2,1
MH,RP,2,MHRP2,3,MHRP2-3,RUDTRI,10,1
MH,RP,1,MHRP1,3,MHRP1-3,SILINT,4,1
MH,RP,1,MHRP1,3,MHRP1-3,SOLCAN,10,1
MH,RP,1,MHRP1,3,MHRP1-3,SOLGIG,60,1
MH,RP,1,MHRP1,3,MHRP1-3,SOLRIG,5,1
MH,RP,1,MHRP1,3,MHRP1-3,SORNUT,1,1
MH,RP,2,MHRP2,3,MHRP2-3,SPOHET,1,1
MH,RP,2,MHRP2,3,MHRP2-3,SYMFAL,3,1
MH,RP,1,MHRP1,3,MHRP1-3,SYMPIL,1,1
MH,RP,2,MHRP2,3,MHRP2-3,THADAS,1,1
MH,RP,1,MHRP1,3,MHRP1-3,TRIPRA,1,1
MH,RP,2,MHRP2,3,MHRP2-3,ZIZAUR,5,1
MH,RP,1,MHRP1,4,MHRP1-4,ACHMIL,1,1
MH,RP,2,MHRP2,4,MHRP2-4,ALLCER,1,1
MH,RP,1,MHRP1,4,MHRP1-4,AMBART,15,1
MH,RP,2,MHRP2,4,MHRP2-4,AMBART,50,1
MH,RP,1,MHRP1,4,MHRP1-4,BARESOIL,1,1
MH,RP,2,MHRP2,4,MHRP2-4,BARESOIL,2,1
MH,RP,1,MHRP1,4,MHRP1-4,BROKAL,1,1
MH,RP,1,MHRP1,4,MHRP1-4,CIRDIS,1,1
MH,RP,2,MHRP2,4,MHRP2-4,CIRVUL,3,1
MH,RP,1,MHRP1,4,MHRP1-4,CONARV,1,1
MH,RP,1,MHRP1,4,MHRP1-4,DAUCAR,2,1
MH,RP,1,MHRP1,4,MHRP1-4,GALAPA,1,1
MH,RP,2,MHRP2,4,MHRP2-4,HELHEL,2,1
MH,RP,1,MHRP1,4,MHRP1-4,LITTER,2,1
MH,RP,2,MHRP2,4,MHRP2-4,LITTER,2,1
MH,RP,2,MHRP2,4,MHRP2-4,MONFIS,3,1
MH,RP,1,MHRP1,4,MHRP1-4,MONFIS,28,1
MH,RP,2,MHRP2,4,MHRP2-4,NAPDIO,1,1
MH,RP,1,MHRP1,4,MHRP1-4,OENBIE,2,1
MH,RP,1,MHRP1,4,MHRP1-4,OXASTR,1,1
MH,RP,2,MHRP2,4,MHRP2-4,PENDIG,1,1
MH,RP,1,MHRP1,4,MHRP1-4,PLALAN,3,1
MH,RP,1,MHRP1,4,MHRP1-4,PLAMAJ,3,1
MH,RP,1,MHRP1,4,MHRP1-4,POAPRA,1,1
MH,RP,1,MHRP1,4,MHRP1-4,POLAVI,1,1
MH,RP,1,MHRP1,4,MHRP1-4,RATPIN,5,1
MH,RP,2,MHRP2,4,MHRP2-4,RATPIN,25,1
MH,RP,1,MHRP1,4,MHRP1-4,RUDHIR,1,1
MH,RP,2,MHRP2,4,MHRP2-4,RUDTRI,3,1
MH,RP,1,MHRP1,4,MHRP1-4,RUDTRI,10,1
MH,RP,1,MHRP1,4,MHRP1-4,SETFAR,2,1
MH,RP,1,MHRP1,4,MHRP1-4,SOLRIG,9,1
MH,RP,1,MHRP1,4,MHRP1-4,TRIPRA,6,1
MH,RP,1,MHRP1,4,MHRP1-4,ZIZAUR,3,1
MH,RP,2,MHRP2,4,MHRP2-4,ZIZAUR,7,1
MH,RP,1,MHRP1,5,MHRP1-5,AMBART,2,1
MH,RP,2,MHRP2,5,MHRP2-5,AMBART,81,1
MH,RP,1,MHRP1,5,MHRP1-5,BARESOIL,1,1
MH,RP,2,MHRP2,5,MHRP2-5,BARESOIL,1,1
MH,RP,1,MHRP1,5,MHRP1-5,BRIEUP,7,1
MH,RP,1,MHRP1,5,MHRP1-5,BROINE,42,1
MH,RP,1,MHRP1,5,MHRP1-5,CARACA,1,1
MH,RP,1,MHRP1,5,MHRP1-5,CONARV,1,1
MH,RP,1,MHRP1,5,MHRP1-5,CONCAN,1,1
MH,RP,2,MHRP2,5,MHRP2-5,HELAUT,9,1
MH,RP,2,MHRP2,5,MHRP2-5,HEURIC,1,1
MH,RP,1,MHRP1,5,MHRP1-5,LITTER,1,1
MH,RP,2,MHRP2,5,MHRP2-5,LITTER,1,1
MH,RP,2,MHRP2,5,MHRP2-5,LOBSIL,2,1
MH,RP,1,MHRP1,5,MHRP1-5,MELALB,1,1
MH,RP,1,MHRP1,5,MHRP1-5,MONFIS,13,1
MH,RP,1,MHRP1,5,MHRP1-5,PRUAME,1,1
MH,RP,1,MHRP1,5,MHRP1-5,RATPIN,5,1
MH,RP,1,MHRP1,5,MHRP1-5,RUDHIR,1,1
MH,RP,1,MHRP1,5,MHRP1-5,SILLAC,5,1
MH,RP,1,MHRP1,5,MHRP1-5,SOLRIG,12,1
MH,RP,1,MHRP1,5,MHRP1-5,SYMPIL,2,1
MH,RP,1,MHRP1,5,MHRP1-5,TRIPRA,3,1
MH,RP,2,MHRP2,5,MHRP2-5,TRIREP,4,1
MH,RP,2,MHRP2,5,MHRP2-5,VERHAS,1,1
MH,RP,1,MHRP1,5,MHRP1-5,VERURT,1,1
MH,RP,1,MHRP1,6,MHRP1-6,ACENEG,1,1
MH,RP,1,MHRP1,6,MHRP1-6,AMBART,1,1
MH,RP,2,MHRP2,6,MHRP2-6,AMBART,75,1
MH,RP,1,MHRP1,6,MHRP1-6,ASCSYR,32,1
MH,RP,1,MHRP1,6,MHRP1-6,BARESOIL,1,1
MH,RP,1,MHRP1,6,MHRP1-6,CHEALB,1,1
MH,RP,1,MHRP1,6,MHRP1-6,CONARV,1,1
MH,RP,1,MHRP1,6,MHRP1-6,GEUTRI,2,1
MH,RP,2,MHRP2,6,MHRP2-6,HELAUT,5,1
MH,RP,1,MHRP1,6,MHRP1-6,LITTER,8,1
MH,RP,2,MHRP2,6,MHRP2-6,MEDSAT,2,1
MH,RP,1,MHRP1,6,MHRP1-6,MONFIS,21,1
MH,RP,2,MHRP2,6,MHRP2-6,PLALAN,1,1
MH,RP,1,MHRP1,6,MHRP1-6,PLAMAJ,3,1
MH,RP,1,MHRP1,6,MHRP1-6,POLAVI,1,1
MH,RP,1,MHRP1,6,MHRP1-6,RATPIN,12,1
MH,RP,2,MHRP2,6,MHRP2-6,RUDHIR,2,1
MH,RP,1,MHRP1,6,MHRP1-6,RUDTRI,2,1
MH,RP,1,MHRP1,6,MHRP1-6,SETFAR,2,1
MH,RP,2,MHRP2,6,MHRP2-6,SILLAT,1,1
MH,RP,1,MHRP1,6,MHRP1-6,SOLCAN,5,1
MH,RP,1,MHRP1,6,MHRP1-6,TRIPRA,2,1
MH,RP,2,MHRP2,6,MHRP2-6,TRIREP,3,1
MH,RP,2,MHRP2,6,MHRP2-6,VERHAS,10,1
MH,RP,1,MHRP1,6,MHRP1-6,VIOSOR,3,1
MH,RP,2,MHRP2,6,MHRP2-6,ZIZAPT,1,1
MH,RP,1,MHRP1,6,MHRP1-6,ZIZAUR,2,1
MH,RP,1,MHRP1,7,MHRP1-7,ACHMIL,1,1
MH,RP,1,MHRP1,7,MHRP1-7,AMBART,40,1
MH,RP,2,MHRP2,7,MHRP2-7,AMBART,50,1
MH,RP,1,MHRP1,7,MHRP1-7,BOUCUR,5,1
MH,RP,1,MHRP1,7,MHRP1-7,CONARV,1,1
MH,RP,1,MHRP1,7,MHRP1-7,ELYREP,15,1
MH,RP,1,MHRP1,7,MHRP1-7,LITTER,5,1
MH,RP,1,MHRP1,7,MHRP1-7,MELALB,1,1
MH,RP,1,MHRP1,7,MHRP1-7,MONFIS,2,1
MH,RP,2,MHRP2,7,MHRP2-7,MONFIS,5,1
MH,RP,1,MHRP1,7,MHRP1-7,OXASTR,1,1
MH,RP,2,MHRP2,7,MHRP2-7,PENDIG,1,1
MH,RP,1,MHRP1,7,MHRP1-7,PHYLON,4,1
MH,RP,1,MHRP1,7,MHRP1-7,PLALAN,1,1
MH,RP,1,MHRP1,7,MHRP1-7,RATPIN,3,1
MH,RP,2,MHRP2,7,MHRP2-7,RATPIN,17,1
MH,RP,2,MHRP2,7,MHRP2-7,RUDHIR,1,1
MH,RP,1,MHRP1,7,MHRP1-7,RUDHIR,11,1
MH,RP,1,MHRP1,7,MHRP1-7,RUDTRI,2,1
MH,RP,2,MHRP2,7,MHRP2-7,RUDTRI,15,1
MH,RP,1,MHRP1,7,MHRP1-7,SETFAR,2,1
MH,RP,1,MHRP1,7,MHRP1-7,SILLAT,1,1
MH,RP,2,MHRP2,7,MHRP2-7,SILLAT,1,1
MH,RP,1,MHRP1,7,MHRP1-7,SOLRIG,5,1
MH,RP,2,MHRP2,7,MHRP2-7,SYMFAL,1,1
MH,RP,2,MHRP2,7,MHRP2-7,THADAS,1,1
MH,RP,2,MHRP2,7,MHRP2-7,ZIZAUR,8,1
MH,RP,2,MHRP2,8,MHRP2-8,AGASCR,2,1
MH,RP,1,MHRP1,8,MHRP1-8,AMBART,20,1
MH,RP,2,MHRP2,8,MHRP2-8,AMBART,20,1
MH,RP,1,MHRP1,8,MHRP1-8,BARESOIL,2,1
MH,RP,2,MHRP2,8,MHRP2-8,BARESOIL,5,1
MH,RP,1,MHRP1,8,MHRP1-8,BRIEUP,20,1
MH,RP,1,MHRP1,8,MHRP1-8,BROKAL,2,1
MH,RP,1,MHRP1,8,MHRP1-8,CARACA,3,1
MH,RP,2,MHRP2,8,MHRP2-8,CIRDIS,2,1
MH,RP,2,MHRP2,8,MHRP2-8,CONCAN,5,1
MH,RP,1,MHRP1,8,MHRP1-8,DAUCAR,2,1
MH,RP,2,MHRP2,8,MHRP2-8,DRYARG,2,1
MH,RP,2,MHRP2,8,MHRP2-8,ELYREP,2,1
MH,RP,1,MHRP1,8,MHRP1-8,LITTER,6,1
MH,RP,2,MHRP2,8,MHRP2-8,LITTER,10,1
MH,RP,2,MHRP2,8,MHRP2-8,MEDLUP,1,1
MH,RP,2,MHRP2,8,MHRP2-8,MEDSAT,5,1
MH,RP,1,MHRP1,8,MHRP1-8,MONFIS,20,1
MH,RP,1,MHRP1,8,MHRP1-8,OXASTR,3,1
MH,RP,1,MHRP1,8,MHRP1-8,PANCAP,1,1
MH,RP,2,MHRP2,8,MHRP2-8,PENDIG,3,1
MH,RP,1,MHRP1,8,MHRP1-8,PLALAN,3,1
MH,RP,2,MHRP2,8,MHRP2-8,POAANN,2,1
MH,RP,1,MHRP1,8,MHRP1-8,RATPIN,3,1
MH,RP,2,MHRP2,8,MHRP2-8,RATPIN,18,1
MH,RP,2,MHRP2,8,MHRP2-8,RUDHIR,1,1
MH,RP,1,MHRP1,8,MHRP1-8,RUDTRI,2,1
MH,RP,1,MHRP1,8,MHRP1-8,SETFAR,1,1
MH,RP,1,MHRP1,8,MHRP1-8,SILLAT,2,1
MH,RP,1,MHRP1,8,MHRP1-8,SOLRIG,7,1
MH,RP,2,MHRP2,8,MHRP2-8,SOLSPE,2,1
MH,RP,2,MHRP2,8,MHRP2-8,SYMFAL,13,1
MH,RP,1,MHRP1,8,MHRP1-8,SYMPIL,3,1
MH,RP,2,MHRP2,8,MHRP2-8,TAROFF,2,1
MH,RP,2,MHRP2,8,MHRP2-8,TRIREP,4,1
MH,RP,2,MHRP2,8,MHRP2-8,VERHAS,1,1
MH,RP,1,MHRP1,9,MHRP1-9,AMBART,1,1
MH,RP,2,MHRP2,9,MHRP2-9,AMBART,88,1
MH,RP,2,MHRP2,9,MHRP2-9,BARESOIL,1,1
MH,RP,1,MHRP1,9,MHRP1-9,BARESOIL,4,1
MH,RP,1,MHRP1,9,MHRP1-9,BOUCUR,5,1
MH,RP,1,MHRP1,9,MHRP1-9,BRIEUP,7,1
MH,RP,1,MHRP1,9,MHRP1-9,CIRDIS,2,1
MH,RP,1,MHRP1,9,MHRP1-9,DAUCAR,1,1
MH,RP,2,MHRP2,9,MHRP2-9,LITTER,1,1
MH,RP,1,MHRP1,9,MHRP1-9,LITTER,5,1
MH,RP,2,MHRP2,9,MHRP2-9,MEDLUP,1,1
MH,RP,1,MHRP1,9,MHRP1-9,MELALB,1,1
MH,RP,2,MHRP2,9,MHRP2-9,MELALB,1,1
MH,RP,1,MHRP1,9,MHRP1-9,OXASTR,1,1
MH,RP,2,MHRP2,9,MHRP2-9,PENDIG,1,1
MH,RP,2,MHRP2,9,MHRP2-9,PLALAN,3,1
MH,RP,2,MHRP2,9,MHRP2-9,RATPIN,1,1
MH,RP,1,MHRP1,9,MHRP1-9,RATPIN,3,1
MH,RP,2,MHRP2,9,MHRP2-9,SILINT,1,1
MH,RP,1,MHRP1,9,MHRP1-9,SOLCAN,19,1
MH,RP,1,MHRP1,9,MHRP1-9,SOLRIG,4,1
MH,RP,1,MHRP1,9,MHRP1-9,SORNUT,44,1
MH,RP,1,MHRP1,9,MHRP1-9,SYMPIL,1,1
MH,RP,2,MHRP2,9,MHRP2-9,THADAS,1,1
MH,RP,1,MHRP1,9,MHRP1-9,TRIPRA,1,1
MH,RP,2,MHRP2,9,MHRP2-9,TRIREP,1,1
MH,RP,1,MHRP1,9,MHRP1-9,ZIZAUR,1,1
MH,RP,1,MHRP1,10,MHRP1-10,AMBART,3,1
MH,RP,2,MHRP2,10,MHRP2-10,AMBART,30,1
MH,RP,1,MHRP1,10,MHRP1-10,ASCSYR,11,1
MH,RP,1,MHRP1,10,MHRP1-10,BARESOIL,3,1
MH,RP,2,MHRP2,10,MHRP2-10,BARESOIL,3,1
MH,RP,2,MHRP2,10,MHRP2-10,CHEALB,3,1
MH,RP,2,MHRP2,10,MHRP2-10,ECHPAL,1,1
MH,RP,2,MHRP2,10,MHRP2-10,ERIANN,6,1
MH,RP,2,MHRP2,10,MHRP2-10,HELHEL,2,1
MH,RP,2,MHRP2,10,MHRP2-10,LIALIN,1,1
MH,RP,1,MHRP1,10,MHRP1-10,LITTER,1,1
MH,RP,2,MHRP2,10,MHRP2-10,LITTER,2,1
MH,RP,1,MHRP1,10,MHRP1-10,MONFIS,3,1
MH,RP,2,MHRP2,10,MHRP2-10,MONFIS,5,1
MH,RP,2,MHRP2,10,MHRP2-10,OXASTR,1,1
MH,RP,1,MHRP1,10,MHRP1-10,PASSAT,2,1
MH,RP,1,MHRP1,10,MHRP1-10,RATPIN,8,1
MH,RP,2,MHRP2,10,MHRP2-10,RATPIN,32,1
MH,RP,1,MHRP1,10,MHRP1-10,RUBIDA,3,1
MH,RP,2,MHRP2,10,MHRP2-10,RUDHIR,1,1
MH,RP,1,MHRP1,10,MHRP1-10,RUDTRI,4,1
MH,RP,2,MHRP2,10,MHRP2-10,RUDTRI,11,1
MH,RP,2,MHRP2,10,MHRP2-10,SILLAT,1,1
MH,RP,1,MHRP1,10,MHRP1-10,SOLCAN,18,1
MH,RP,1,MHRP1,10,MHRP1-10,SOLGIG,16,1
MH,RP,1,MHRP1,10,MHRP1-10,SOLRIG,1,1
MH,RP,1,MHRP1,10,MHRP1-10,SORNUT,19,1
MH,RP,1,MHRP1,10,MHRP1-10,SYMPIL,2,1
MH,RP,2,MHRP2,10,MHRP2-10,TAROFF,1,1
MH,RP,1,MHRP1,10,MHRP1-10,TRIPRA,2,1
MH,RP,1,MHRP1,10,MHRP1-10,ZIZAUR,4,1
PH,RP,1,PHRP1,1,PHRP1-1,ANDGER,23,1
PH,RP,1,PHRP1,1,PHRP1-1,ARTLUD,1,1
PH,RP,1,PHRP1,1,PHRP1-1,ECHPAL,3,1
PH,RP,1,PHRP1,1,PHRP1-1,HELHEL,2,1
PH,RP,1,PHRP1,1,PHRP1-1,MONFIS,3,1
PH,RP,1,PHRP1,1,PHRP1-1,PANVIR,20,1
PH,RP,1,PHRP1,1,PHRP1-1,POTREC,4,1
PH,RP,1,PHRP1,1,PHRP1-1,RUDTRI,7,1
PH,RP,1,PHRP1,1,PHRP1-1,SOLRIG,4,1
PH,RP,1,PHRP1,1,PHRP1-1,SORNUT,15,1
PH,RP,1,PHRP1,1,PHRP1-1,SYMLAE,2,1
PH,RP,1,PHRP1,1,PHRP1-1,SYMNOV,3,1
PH,RP,1,PHRP1,1,PHRP1-1,SYMPIL,1,1
PH,RP,1,PHRP1,1,PHRP1-1,ZIZAUR,12,1
PH,RP,1,PHRP1,2,PHRP1-2,ANDGER,3,1
PH,RP,1,PHRP1,2,PHRP1-2,ARNATR,1,1
PH,RP,1,PHRP1,2,PHRP1-2,ARTLUD,41,1
PH,RP,1,PHRP1,2,PHRP1-2,ECHPAL,2,1
PH,RP,1,PHRP1,2,PHRP1-2,HELHEL,2,1
PH,RP,1,PHRP1,2,PHRP1-2,MONFIS,2,1
PH,RP,1,PHRP1,2,PHRP1-2,PENDIG,2,1
PH,RP,1,PHRP1,2,PHRP1-2,RUDTRI,2,1
PH,RP,1,PHRP1,2,PHRP1-2,SILPER,12,1
PH,RP,1,PHRP1,2,PHRP1-2,SOLCAN,8,1
PH,RP,1,PHRP1,2,PHRP1-2,SYMLAE,2,1
PH,RP,1,PHRP1,2,PHRP1-2,SYMNOV,3,1
PH,RP,1,PHRP1,2,PHRP1-2,SYMPIL,1,1
PH,RP,1,PHRP1,2,PHRP1-2,TRIPRA,2,1
PH,RP,1,PHRP1,2,PHRP1-2,VERVIR,8,1
PH,RP,1,PHRP1,2,PHRP1-2,ZIZAUR,9,1
PH,RP,1,PHRP1,3,PHRP1-3,ANDGER,18,1
PH,RP,1,PHRP1,3,PHRP1-3,ARNATR,5,1
PH,RP,1,PHRP1,3,PHRP1-3,ARTLUD,6,1
PH,RP,1,PHRP1,3,PHRP1-3,ASCSYR,7,1
PH,RP,1,PHRP1,3,PHRP1-3,PANVIR,2,1
PH,RP,1,PHRP1,3,PHRP1-3,PENDIG,1,1
PH,RP,1,PHRP1,3,PHRP1-3,PYCVIR,6,1
PH,RP,1,PHRP1,3,PHRP1-3,RATPIN,3,1
PH,RP,1,PHRP1,3,PHRP1-3,RUDTRI,17,1
PH,RP,1,PHRP1,3,PHRP1-3,SOLCAN,12,1
PH,RP,1,PHRP1,3,PHRP1-3,SOLRIG,2,1
PH,RP,1,PHRP1,3,PHRP1-3,SYMNOV,3,1
PH,RP,1,PHRP1,3,PHRP1-3,VERVIR,9,1
PH,RP,1,PHRP1,3,PHRP1-3,ZIZAUR,9,1
PH,RP,1,PHRP1,4,PHRP1-4,ANDGER,7,1
PH,RP,1,PHRP1,4,PHRP1-4,ARNATR,16,1
PH,RP,1,PHRP1,4,PHRP1-4,ARTLUD,5,1
PH,RP,1,PHRP1,4,PHRP1-4,ASCSYR,3,1
PH,RP,1,PHRP1,4,PHRP1-4,MONFIS,1,1
PH,RP,1,PHRP1,4,PHRP1-4,PANVIR,30,1
PH,RP,1,PHRP1,4,PHRP1-4,RUDTRI,10,1
PH,RP,1,PHRP1,4,PHRP1-4,SILPER,3,1
PH,RP,1,PHRP1,4,PHRP1-4,SOLCAN,11,1
PH,RP,1,PHRP1,4,PHRP1-4,SYMNOV,5,1
PH,RP,1,PHRP1,4,PHRP1-4,ZIZAUR,9,1
PH,RP,1,PHRP1,5,PHRP1-5,ANDGER,9,1
PH,RP,1,PHRP1,5,PHRP1-5,ARTLUD,25,1
PH,RP,1,PHRP1,5,PHRP1-5,ECHPAL,5,1
PH,RP,1,PHRP1,5,PHRP1-5,HELHEL,4,1
PH,RP,1,PHRP1,5,PHRP1-5,RUDTRI,34,1
PH,RP,1,PHRP1,5,PHRP1-5,SILPER,2,1
PH,RP,1,PHRP1,5,PHRP1-5,SOLCAN,12,1
PH,RP,1,PHRP1,5,PHRP1-5,SOLRIG,2,1
PH,RP,1,PHRP1,5,PHRP1-5,SYMNOV,3,1
PH,RP,1,PHRP1,5,PHRP1-5,ZIZAUR,4,1
PH,RP,1,PHRP1,6,PHRP1-6,ARNATR,14,1
PH,RP,1,PHRP1,6,PHRP1-6,ARTLUD,10,1
PH,RP,1,PHRP1,6,PHRP1-6,ASCSYR,5,1
PH,RP,1,PHRP1,6,PHRP1-6,ERYYUC,2,1
PH,RP,1,PHRP1,6,PHRP1-6,PANVIR,18,1
PH,RP,1,PHRP1,6,PHRP1-6,RUBIDA,11,1
PH,RP,1,PHRP1,6,PHRP1-6,RUDTRI,18,1
PH,RP,1,PHRP1,6,PHRP1-6,SILPER,3,1
PH,RP,1,PHRP1,6,PHRP1-6,SOLCAN,3,1
PH,RP,1,PHRP1,6,PHRP1-6,SYMNOV,7,1
PH,RP,1,PHRP1,6,PHRP1-6,TRIPRA,9,1
PH,RP,1,PHRP1,7,PHRP1-7,ARNATR,8,1
PH,RP,1,PHRP1,7,PHRP1-7,ARTLUD,7,1
PH,RP,1,PHRP1,7,PHRP1-7,ASCSYR,3,1
PH,RP,1,PHRP1,7,PHRP1-7,BARESOIL,6,1
PH,RP,1,PHRP1,7,PHRP1-7,HELHEL,1,1
PH,RP,1,PHRP1,7,PHRP1-7,MONFIS,7,1
PH,RP,1,PHRP1,7,PHRP1-7,PENDIG,3,1
PH,RP,1,PHRP1,7,PHRP1-7,SOLCAN,18,1
PH,RP,1,PHRP1,7,PHRP1-7,SYMNOV,26,1
PH,RP,1,PHRP1,7,PHRP1-7,SYMPIL,8,1
PH,RP,1,PHRP1,7,PHRP1-7,TRIPRA,2,1
PH,RP,1,PHRP1,7,PHRP1-7,VERVIR,8,1
PH,RP,1,PHRP1,7,PHRP1-7,ZIZAUR,3,1
PH,RP,1,PHRP1,8,PHRP1-8,ANDGER,7,1
PH,RP,1,PHRP1,8,PHRP1-8,ARNATR,5,1
PH,RP,1,PHRP1,8,PHRP1-8,ARTLUD,13,1
PH,RP,1,PHRP1,8,PHRP1-8,ASCSYR,7,1
PH,RP,1,PHRP1,8,PHRP1-8,PANVIR,4,1
PH,RP,1,PHRP1,8,PHRP1-8,RATPIN,2,1
PH,RP,1,PHRP1,8,PHRP1-8,RUDTRI,16,1
PH,RP,1,PHRP1,8,PHRP1-8,SILINT,3,1
PH,RP,1,PHRP1,8,PHRP1-8,SILPER,6,1
PH,RP,1,PHRP1,8,PHRP1-8,SOLCAN,8,1
PH,RP,1,PHRP1,8,PHRP1-8,SORNUT,21,1
PH,RP,1,PHRP1,8,PHRP1-8,ZIZAUR,8,1
PH,RP,1,PHRP1,9,PHRP1-9,ARNATR,8,1
PH,RP,1,PHRP1,9,PHRP1-9,ARTLUD,24,1
PH,RP,1,PHRP1,9,PHRP1-9,ASCSYR,5,1
PH,RP,1,PHRP1,9,PHRP1-9,HELHEL,5,1
PH,RP,1,PHRP1,9,PHRP1-9,RUDTRI,27,1
PH,RP,1,PHRP1,9,PHRP1-9,SILPER,5,1
PH,RP,1,PHRP1,9,PHRP1-9,SOLCAN,13,1
PH,RP,1,PHRP1,9,PHRP1-9,ZIZAUR,13,1
PH,RP,1,PHRP1,10,PHRP1-10,ANDGER,21,1
PH,RP,1,PHRP1,10,PHRP1-10,ARTLUD,12,1
PH,RP,1,PHRP1,10,PHRP1-10,ASCSYR,7,1
PH,RP,1,PHRP1,10,PHRP1-10,ELYCAN,4,1
PH,RP,1,PHRP1,10,PHRP1-10,PANVIR,6,1
PH,RP,1,PHRP1,10,PHRP1-10,RUDTRI,24,1
PH,RP,1,PHRP1,10,PHRP1-10,SILINT,2,1
PH,RP,1,PHRP1,10,PHRP1-10,SILPER,13,1
PH,RP,1,PHRP1,10,PHRP1-10,SYMPIL,2,1
PH,RP,1,PHRP1,10,PHRP1-10,ZIZAUR,9,1